﻿<?xml version="1.0" encoding="utf-8"?>
<deployment>
  <id>0059993733314e1eaf96468950d25203</id>
  <author>N/A</author>
  <deployer>ZipDeploy</deployer>
  <authorEmail>N/A</authorEmail>
  <message>Created via a push deployment</message>
  <progress></progress>
  <status>Success</status>
  <statusText></statusText>
  <lastSuccessEndTime>2025-10-24T01:03:54.3709386Z</lastSuccessEndTime>
  <receivedTime>2025-10-24T01:03:49.636065Z</receivedTime>
  <startTime>2025-10-24T01:03:49.7923632Z</startTime>
  <endTime>2025-10-24T01:03:54.3709386Z</endTime>
  <complete>True</complete>
  <is_temp>False</is_temp>
  <is_readonly>True</is_readonly>
  <project_type>BASIC</project_type>
  <vsproject_id></vsproject_id>
</deployment>