<Events><Event><System><Provider Name="IIS AspNetCore Module V2"/><EventID>1032</EventID><Level>4</Level><Task>0</Task><Keywords>Keywords</Keywords><TimeCreated SystemTime="2025-10-22T19:11:00Z"/><EventRecordID>138015296</EventRecordID><Channel>Application</Channel><Computer>WEBWK00000A</Computer><Security/></System><EventData><Data>Application 'C:\home\site\wwwroot\' started successfully.</Data><Data>Process Id: 8240.</Data><Data>File Version: 19.0.25119.5. Description: IIS ASP.NET Core Module V2 Request Handler. Commit: </Data></EventData></Event><Event><System><Provider Name="IIS AspNetCore Module V2"/><EventID>1033</EventID><Level>4</Level><Task>0</Task><Keywords>Keywords</Keywords><TimeCreated SystemTime="2025-10-22T19:29:48Z"/><EventRecordID>139143906</EventRecordID><Channel>Application</Channel><Computer>WEBWK00000A</Computer><Security/></System><EventData><Data>Application 'MACHINE/WEBROOT/APPHOST/POFUNQUIZ' has shutdown.</Data><Data>Process Id: 8240.</Data><Data>File Version: 19.0.25119.5. Description: IIS ASP.NET Core Module V2 Request Handler. Commit: </Data></EventData></Event><Event><System><Provider Name="IIS AspNetCore Module V2"/><EventID>1032</EventID><Level>4</Level><Task>0</Task><Keywords>Keywords</Keywords><TimeCreated SystemTime="2025-10-22T19:33:14Z"/><EventRecordID>139349375</EventRecordID><Channel>Application</Channel><Computer>WEBWK00000A</Computer><Security/></System><EventData><Data>Application 'C:\home\site\wwwroot\' started successfully.</Data><Data>Process Id: 7660.</Data><Data>File Version: 19.0.25119.5. Description: IIS ASP.NET Core Module V2 Request Handler. Commit: </Data></EventData></Event><Event><System><Provider Name="IIS AspNetCore Module V2"/><EventID>1033</EventID><Level>4</Level><Task>0</Task><Keywords>Keywords</Keywords><TimeCreated SystemTime="2025-10-22T19:37:06Z"/><EventRecordID>139581734</EventRecordID><Channel>Application</Channel><Computer>WEBWK00000A</Computer><Security/></System><EventData><Data>Application 'MACHINE/WEBROOT/APPHOST/POFUNQUIZ' has shutdown.</Data><Data>Process Id: 7660.</Data><Data>File Version: 19.0.25119.5. Description: IIS ASP.NET Core Module V2 Request Handler. Commit: </Data></EventData></Event><Event><System><Provider Name="IIS AspNetCore Module V2"/><EventID>1032</EventID><Level>4</Level><Task>0</Task><Keywords>Keywords</Keywords><TimeCreated SystemTime="2025-10-22T19:38:41Z"/><EventRecordID>139676937</EventRecordID><Channel>Application</Channel><Computer>WEBWK00000A</Computer><Security/></System><EventData><Data>Application 'C:\home\site\wwwroot\' started successfully.</Data><Data>Process Id: 5596.</Data><Data>File Version: 19.0.25119.5. Description: IIS ASP.NET Core Module V2 Request Handler. Commit: </Data></EventData></Event><Event><System><Provider Name="IIS AspNetCore Module V2"/><EventID>1012</EventID><Level>4</Level><Task>0</Task><Keywords>Keywords</Keywords><TimeCreated SystemTime="2025-10-22T19:46:49Z"/><EventRecordID>140164468</EventRecordID><Channel>Application</Channel><Computer>WEBWK00000A</Computer><Security/></System><EventData><Data>Application 'C:\home\site\wwwroot\' was recycled after detecting app_offline.htm.</Data><Data>Process Id: 5596.</Data><Data>File Version: 19.0.25119.5. Description: IIS ASP.NET Core Module V2 Request Handler. Commit: </Data></EventData></Event><Event><System><Provider Name="IIS AspNetCore Module V2"/><EventID>1033</EventID><Level>4</Level><Task>0</Task><Keywords>Keywords</Keywords><TimeCreated SystemTime="2025-10-22T19:46:49Z"/><EventRecordID>140164562</EventRecordID><Channel>Application</Channel><Computer>WEBWK00000A</Computer><Security/></System><EventData><Data>Application 'MACHINE/WEBROOT/APPHOST/POFUNQUIZ' has shutdown.</Data><Data>Process Id: 5596.</Data><Data>File Version: 19.0.25119.5. Description: IIS ASP.NET Core Module V2 Request Handler. Commit: </Data></EventData></Event><Event><System><Provider Name="IIS AspNetCore Module V2"/><EventID>1032</EventID><Level>4</Level><Task>0</Task><Keywords>Keywords</Keywords><TimeCreated SystemTime="2025-10-22T19:47:25Z"/><EventRecordID>140201156</EventRecordID><Channel>Application</Channel><Computer>WEBWK00000A</Computer><Security/></System><EventData><Data>Application 'C:\home\site\wwwroot\' started successfully.</Data><Data>Process Id: 8096.</Data><Data>File Version: 19.0.25119.5. Description: IIS ASP.NET Core Module V2 Request Handler. Commit: </Data></EventData></Event><Event><System><Provider Name="IIS AspNetCore Module V2"/><EventID>1033</EventID><Level>4</Level><Task>0</Task><Keywords>Keywords</Keywords><TimeCreated SystemTime="2025-10-22T20:09:24Z"/><EventRecordID>141519906</EventRecordID><Channel>Application</Channel><Computer>WEBWK00000A</Computer><Security/></System><EventData><Data>Application 'MACHINE/WEBROOT/APPHOST/POFUNQUIZ' has shutdown.</Data><Data>Process Id: 8096.</Data><Data>File Version: 19.0.25119.5. Description: IIS ASP.NET Core Module V2 Request Handler. Commit: </Data></EventData></Event><Event><System><Provider Name="IIS AspNetCore Module V2"/><EventID>1032</EventID><Level>4</Level><Task>0</Task><Keywords>Keywords</Keywords><TimeCreated SystemTime="2025-10-22T20:22:52Z"/><EventRecordID>142327859</EventRecordID><Channel>Application</Channel><Computer>WEBWK00000A</Computer><Security/></System><EventData><Data>Application 'C:\home\site\wwwroot\' started successfully.</Data><Data>Process Id: 8800.</Data><Data>File Version: 19.0.25119.5. Description: IIS ASP.NET Core Module V2 Request Handler. Commit: </Data></EventData></Event><Event><System><Provider Name="IIS AspNetCore Module V2"/><EventID>1033</EventID><Level>4</Level><Task>0</Task><Keywords>Keywords</Keywords><TimeCreated SystemTime="2025-10-22T21:32:34Z"/><EventRecordID>146509171</EventRecordID><Channel>Application</Channel><Computer>WEBWK00000A</Computer><Security/></System><EventData><Data>Application 'MACHINE/WEBROOT/APPHOST/POFUNQUIZ' has shutdown.</Data><Data>Process Id: 8800.</Data><Data>File Version: 19.0.25119.5. Description: IIS ASP.NET Core Module V2 Request Handler. Commit: </Data></EventData></Event><Event><System><Provider Name="IIS AspNetCore Module V2"/><EventID>1032</EventID><Level>4</Level><Task>0</Task><Keywords>Keywords</Keywords><TimeCreated SystemTime="2025-10-22T21:33:03Z"/><EventRecordID>146538734</EventRecordID><Channel>Application</Channel><Computer>WEBWK00000A</Computer><Security/></System><EventData><Data>Application 'C:\home\site\wwwroot\' started successfully.</Data><Data>Process Id: 10576.</Data><Data>File Version: 19.0.25119.5. Description: IIS ASP.NET Core Module V2 Request Handler. Commit: </Data></EventData></Event><Event><System><Provider Name="IIS AspNetCore Module V2"/><EventID>1033</EventID><Level>4</Level><Task>0</Task><Keywords>Keywords</Keywords><TimeCreated SystemTime="2025-10-22T21:33:34Z"/><EventRecordID>146569546</EventRecordID><Channel>Application</Channel><Computer>WEBWK00000A</Computer><Security/></System><EventData><Data>Application 'MACHINE/WEBROOT/APPHOST/POFUNQUIZ' has shutdown.</Data><Data>Process Id: 10576.</Data><Data>File Version: 19.0.25119.5. Description: IIS ASP.NET Core Module V2 Request Handler. Commit: </Data></EventData></Event><Event><System><Provider Name="IIS AspNetCore Module V2"/><EventID>1032</EventID><Level>4</Level><Task>0</Task><Keywords>Keywords</Keywords><TimeCreated SystemTime="2025-10-22T21:34:14Z"/><EventRecordID>146609750</EventRecordID><Channel>Application</Channel><Computer>WEBWK00000A</Computer><Security/></System><EventData><Data>Application 'C:\home\site\wwwroot\' started successfully.</Data><Data>Process Id: 4456.</Data><Data>File Version: 19.0.25119.5. Description: IIS ASP.NET Core Module V2 Request Handler. Commit: </Data></EventData></Event><Event><System><Provider Name="IIS AspNetCore Module V2"/><EventID>1033</EventID><Level>4</Level><Task>0</Task><Keywords>Keywords</Keywords><TimeCreated SystemTime="2025-10-22T21:34:20Z"/><EventRecordID>146615734</EventRecordID><Channel>Application</Channel><Computer>WEBWK00000A</Computer><Security/></System><EventData><Data>Application 'MACHINE/WEBROOT/APPHOST/POFUNQUIZ' has shutdown.</Data><Data>Process Id: 4456.</Data><Data>File Version: 19.0.25119.5. Description: IIS ASP.NET Core Module V2 Request Handler. Commit: </Data></EventData></Event><Event><System><Provider Name="IIS AspNetCore Module V2"/><EventID>1032</EventID><Level>4</Level><Task>0</Task><Keywords>Keywords</Keywords><TimeCreated SystemTime="2025-10-22T21:35:00Z"/><EventRecordID>146656078</EventRecordID><Channel>Application</Channel><Computer>WEBWK00000A</Computer><Security/></System><EventData><Data>Application 'C:\home\site\wwwroot\' started successfully.</Data><Data>Process Id: 1952.</Data><Data>File Version: 19.0.25119.5. Description: IIS ASP.NET Core Module V2 Request Handler. Commit: </Data></EventData></Event><Event><System><Provider Name="IIS AspNetCore Module V2"/><EventID>1033</EventID><Level>4</Level><Task>0</Task><Keywords>Keywords</Keywords><TimeCreated SystemTime="2025-10-22T21:55:59Z"/><EventRecordID>147914921</EventRecordID><Channel>Application</Channel><Computer>WEBWK00000A</Computer><Security/></System><EventData><Data>Application 'MACHINE/WEBROOT/APPHOST/POFUNQUIZ' has shutdown.</Data><Data>Process Id: 1952.</Data><Data>File Version: 19.0.25119.5. Description: IIS ASP.NET Core Module V2 Request Handler. Commit: </Data></EventData></Event><Event><System><Provider Name="IIS AspNetCore Module V2"/><EventID>1032</EventID><Level>4</Level><Task>0</Task><Keywords>Keywords</Keywords><TimeCreated SystemTime="2025-10-22T22:21:21Z"/><EventRecordID>149436296</EventRecordID><Channel>Application</Channel><Computer>WEBWK00000A</Computer><Security/></System><EventData><Data>Application 'C:\home\site\wwwroot\' started successfully.</Data><Data>Process Id: 9036.</Data><Data>File Version: 19.0.25119.5. Description: IIS ASP.NET Core Module V2 Request Handler. Commit: </Data></EventData></Event><Event><System><Provider Name="IIS AspNetCore Module V2"/><EventID>1012</EventID><Level>4</Level><Task>0</Task><Keywords>Keywords</Keywords><TimeCreated SystemTime="2025-10-22T22:34:54Z"/><EventRecordID>150249812</EventRecordID><Channel>Application</Channel><Computer>WEBWK00000A</Computer><Security/></System><EventData><Data>Application 'C:\home\site\wwwroot\' was recycled after detecting app_offline.htm.</Data><Data>Process Id: 9036.</Data><Data>File Version: 19.0.25119.5. Description: IIS ASP.NET Core Module V2 Request Handler. Commit: </Data></EventData></Event><Event><System><Provider Name="IIS AspNetCore Module V2"/><EventID>1033</EventID><Level>4</Level><Task>0</Task><Keywords>Keywords</Keywords><TimeCreated SystemTime="2025-10-22T22:34:54Z"/><EventRecordID>150249875</EventRecordID><Channel>Application</Channel><Computer>WEBWK00000A</Computer><Security/></System><EventData><Data>Application 'MACHINE/WEBROOT/APPHOST/POFUNQUIZ' has shutdown.</Data><Data>Process Id: 9036.</Data><Data>File Version: 19.0.25119.5. Description: IIS ASP.NET Core Module V2 Request Handler. Commit: </Data></EventData></Event><Event><System><Provider Name="IIS AspNetCore Module V2"/><EventID>1032</EventID><Level>4</Level><Task>0</Task><Keywords>Keywords</Keywords><TimeCreated SystemTime="2025-10-22T22:38:12Z"/><EventRecordID>150447578</EventRecordID><Channel>Application</Channel><Computer>WEBWK00000A</Computer><Security/></System><EventData><Data>Application 'C:\home\site\wwwroot\' started successfully.</Data><Data>Process Id: 8868.</Data><Data>File Version: 19.0.25119.5. Description: IIS ASP.NET Core Module V2 Request Handler. Commit: </Data></EventData></Event><Event><System><Provider Name="IIS AspNetCore Module V2"/><EventID>1033</EventID><Level>4</Level><Task>0</Task><Keywords>Keywords</Keywords><TimeCreated SystemTime="2025-10-22T22:59:11Z"/><EventRecordID>151706312</EventRecordID><Channel>Application</Channel><Computer>WEBWK00000A</Computer><Security/></System><EventData><Data>Application 'MACHINE/WEBROOT/APPHOST/POFUNQUIZ' has shutdown.</Data><Data>Process Id: 8868.</Data><Data>File Version: 19.0.25119.5. Description: IIS ASP.NET Core Module V2 Request Handler. Commit: </Data></EventData></Event><Event><System><Provider Name="IIS AspNetCore Module V2"/><EventID>1032</EventID><Level>4</Level><Task>0</Task><Keywords>Keywords</Keywords><TimeCreated SystemTime="2025-10-23T12:36:34Z"/><EventRecordID>200749437</EventRecordID><Channel>Application</Channel><Computer>WEBWK00000A</Computer><Security/></System><EventData><Data>Application 'C:\home\site\wwwroot\' started successfully.</Data><Data>Process Id: 6200.</Data><Data>File Version: 19.0.25119.5. Description: IIS ASP.NET Core Module V2 Request Handler. Commit: </Data></EventData></Event><Event><System><Provider Name="IIS AspNetCore Module V2"/><EventID>1033</EventID><Level>4</Level><Task>0</Task><Keywords>Keywords</Keywords><TimeCreated SystemTime="2025-10-23T12:57:30Z"/><EventRecordID>202005546</EventRecordID><Channel>Application</Channel><Computer>WEBWK00000A</Computer><Security/></System><EventData><Data>Application 'MACHINE/WEBROOT/APPHOST/POFUNQUIZ' has shutdown.</Data><Data>Process Id: 6200.</Data><Data>File Version: 19.0.25119.5. Description: IIS ASP.NET Core Module V2 Request Handler. Commit: </Data></EventData></Event><Event><System><Provider Name="IIS AspNetCore Module V2"/><EventID>1032</EventID><Level>4</Level><Task>0</Task><Keywords>Keywords</Keywords><TimeCreated SystemTime="2025-10-24T12:17:12Z"/><EventRecordID>285986875</EventRecordID><Channel>Application</Channel><Computer>WEBWK00000A</Computer><Security/></System><EventData><Data>Application 'C:\home\site\wwwroot\' started successfully.</Data><Data>Process Id: 2496.</Data><Data>File Version: 19.0.25119.5. Description: IIS ASP.NET Core Module V2 Request Handler. Commit: </Data></EventData></Event><Event><System><Provider Name="IIS AspNetCore Module V2"/><EventID>1012</EventID><Level>4</Level><Task>0</Task><Keywords>Keywords</Keywords><TimeCreated SystemTime="2025-10-24T12:26:53Z"/><EventRecordID>286568203</EventRecordID><Channel>Application</Channel><Computer>WEBWK00000A</Computer><Security/></System><EventData><Data>Application 'C:\home\site\wwwroot\' was recycled after detecting app_offline.htm.</Data><Data>Process Id: 2496.</Data><Data>File Version: 19.0.25119.5. Description: IIS ASP.NET Core Module V2 Request Handler. Commit: </Data></EventData></Event><Event><System><Provider Name="IIS AspNetCore Module V2"/><EventID>1033</EventID><Level>4</Level><Task>0</Task><Keywords>Keywords</Keywords><TimeCreated SystemTime="2025-10-24T12:26:53Z"/><EventRecordID>286568265</EventRecordID><Channel>Application</Channel><Computer>WEBWK00000A</Computer><Security/></System><EventData><Data>Application 'MACHINE/WEBROOT/APPHOST/POFUNQUIZ' has shutdown.</Data><Data>Process Id: 2496.</Data><Data>File Version: 19.0.25119.5. Description: IIS ASP.NET Core Module V2 Request Handler. Commit: </Data></EventData></Event><Event><System><Provider Name="IIS AspNetCore Module V2"/><EventID>1032</EventID><Level>4</Level><Task>0</Task><Keywords>Keywords</Keywords><TimeCreated SystemTime="2025-10-24T12:27:17Z"/><EventRecordID>286591875</EventRecordID><Channel>Application</Channel><Computer>WEBWK00000A</Computer><Security/></System><EventData><Data>Application 'C:\home\site\wwwroot\' started successfully.</Data><Data>Process Id: 2256.</Data><Data>File Version: 19.0.25119.5. Description: IIS ASP.NET Core Module V2 Request Handler. Commit: </Data></EventData></Event><Event><System><Provider Name="IIS AspNetCore Module V2"/><EventID>1033</EventID><Level>4</Level><Task>0</Task><Keywords>Keywords</Keywords><TimeCreated SystemTime="2025-10-24T12:28:16Z"/><EventRecordID>286650890</EventRecordID><Channel>Application</Channel><Computer>WEBWK00000A</Computer><Security/></System><EventData><Data>Application 'MACHINE/WEBROOT/APPHOST/POFUNQUIZ' has shutdown.</Data><Data>Process Id: 2256.</Data><Data>File Version: 19.0.25119.5. Description: IIS ASP.NET Core Module V2 Request Handler. Commit: </Data></EventData></Event><Event><System><Provider Name="IIS AspNetCore Module V2"/><EventID>1032</EventID><Level>4</Level><Task>0</Task><Keywords>Keywords</Keywords><TimeCreated SystemTime="2025-10-24T12:29:01Z"/><EventRecordID>286696203</EventRecordID><Channel>Application</Channel><Computer>WEBWK00000A</Computer><Security/></System><EventData><Data>Application 'C:\home\site\wwwroot\' started successfully.</Data><Data>Process Id: 11152.</Data><Data>File Version: 19.0.25119.5. Description: IIS ASP.NET Core Module V2 Request Handler. Commit: </Data></EventData></Event><Event><System><Provider Name="IIS AspNetCore Module V2"/><EventID>1012</EventID><Level>4</Level><Task>0</Task><Keywords>Keywords</Keywords><TimeCreated SystemTime="2025-10-24T12:39:11Z"/><EventRecordID>287305921</EventRecordID><Channel>Application</Channel><Computer>WEBWK00000A</Computer><Security/></System><EventData><Data>Application 'C:\home\site\wwwroot\' was recycled after detecting app_offline.htm.</Data><Data>Process Id: 11152.</Data><Data>File Version: 19.0.25119.5. Description: IIS ASP.NET Core Module V2 Request Handler. Commit: </Data></EventData></Event><Event><System><Provider Name="IIS AspNetCore Module V2"/><EventID>1033</EventID><Level>4</Level><Task>0</Task><Keywords>Keywords</Keywords><TimeCreated SystemTime="2025-10-24T12:39:11Z"/><EventRecordID>287305984</EventRecordID><Channel>Application</Channel><Computer>WEBWK00000A</Computer><Security/></System><EventData><Data>Application 'MACHINE/WEBROOT/APPHOST/POFUNQUIZ' has shutdown.</Data><Data>Process Id: 11152.</Data><Data>File Version: 19.0.25119.5. Description: IIS ASP.NET Core Module V2 Request Handler. Commit: </Data></EventData></Event><Event><System><Provider Name="IIS AspNetCore Module V2"/><EventID>1032</EventID><Level>4</Level><Task>0</Task><Keywords>Keywords</Keywords><TimeCreated SystemTime="2025-10-24T12:44:50Z"/><EventRecordID>287644843</EventRecordID><Channel>Application</Channel><Computer>WEBWK00000A</Computer><Security/></System><EventData><Data>Application 'C:\home\site\wwwroot\' started successfully.</Data><Data>Process Id: 1756.</Data><Data>File Version: 19.0.25119.5. Description: IIS ASP.NET Core Module V2 Request Handler. Commit: </Data></EventData></Event><Event><System><Provider Name="IIS AspNetCore Module V2"/><EventID>1033</EventID><Level>4</Level><Task>0</Task><Keywords>Keywords</Keywords><TimeCreated SystemTime="2025-10-24T13:05:48Z"/><EventRecordID>288903171</EventRecordID><Channel>Application</Channel><Computer>WEBWK00000A</Computer><Security/></System><EventData><Data>Application 'MACHINE/WEBROOT/APPHOST/POFUNQUIZ' has shutdown.</Data><Data>Process Id: 1756.</Data><Data>File Version: 19.0.25119.5. Description: IIS ASP.NET Core Module V2 Request Handler. Commit: </Data></EventData></Event><Event><System><Provider Name="IIS AspNetCore Module V2"/><EventID>1032</EventID><Level>4</Level><Task>0</Task><Keywords>Keywords</Keywords><TimeCreated SystemTime="2025-10-31T14:58:03Z"/><EventRecordID>900434859</EventRecordID><Channel>Application</Channel><Computer>WEBWK00000A</Computer><Security/></System><EventData><Data>Application 'C:\home\site\wwwroot\' started successfully.</Data><Data>Process Id: 9076.</Data><Data>File Version: 19.0.25119.5. Description: IIS ASP.NET Core Module V2 Request Handler. Commit: </Data></EventData></Event><Event><System><Provider Name="IIS AspNetCore Module V2"/><EventID>1033</EventID><Level>4</Level><Task>0</Task><Keywords>Keywords</Keywords><TimeCreated SystemTime="2025-10-31T15:18:58Z"/><EventRecordID>901689953</EventRecordID><Channel>Application</Channel><Computer>WEBWK00000A</Computer><Security/></System><EventData><Data>Application 'MACHINE/WEBROOT/APPHOST/POFUNQUIZ' has shutdown.</Data><Data>Process Id: 9076.</Data><Data>File Version: 19.0.25119.5. Description: IIS ASP.NET Core Module V2 Request Handler. Commit: </Data></EventData></Event><Event><System><Provider Name="IIS AspNetCore Module V2"/><EventID>1032</EventID><Level>4</Level><Task>0</Task><Keywords>Keywords</Keywords><TimeCreated SystemTime="2025-11-05T23:14:58Z"/><EventRecordID>1362248265</EventRecordID><Channel>Application</Channel><Computer>WEBWK00000A</Computer><Security/></System><EventData><Data>Application 'C:\home\site\wwwroot\' started successfully.</Data><Data>Process Id: 2296.</Data><Data>File Version: 19.0.25119.5. Description: IIS ASP.NET Core Module V2 Request Handler. Commit: </Data></EventData></Event><Event><System><Provider Name="IIS AspNetCore Module V2"/><EventID>1033</EventID><Level>4</Level><Task>0</Task><Keywords>Keywords</Keywords><TimeCreated SystemTime="2025-11-05T23:36:54Z"/><EventRecordID>1363563703</EventRecordID><Channel>Application</Channel><Computer>WEBWK00000A</Computer><Security/></System><EventData><Data>Application 'MACHINE/WEBROOT/APPHOST/POFUNQUIZ' has shutdown.</Data><Data>Process Id: 2296.</Data><Data>File Version: 19.0.25119.5. Description: IIS ASP.NET Core Module V2 Request Handler. Commit: </Data></EventData></Event><Event><System><Provider Name="IIS AspNetCore Module V2"/><EventID>1032</EventID><Level>4</Level><Task>0</Task><Keywords>Keywords</Keywords><TimeCreated SystemTime="2025-11-08T20:09:47Z"/><EventRecordID>36896640</EventRecordID><Channel>Application</Channel><Computer>WEBWK000003</Computer><Security/></System><EventData><Data>Application 'C:\home\site\wwwroot\' started successfully.</Data><Data>Process Id: 9696.</Data><Data>File Version: 19.0.25119.5. Description: IIS ASP.NET Core Module V2 Request Handler. Commit: </Data></EventData></Event><Event><System><Provider Name="IIS AspNetCore Module V2"/><EventID>1033</EventID><Level>4</Level><Task>0</Task><Keywords>Keywords</Keywords><TimeCreated SystemTime="2025-11-08T20:32:23Z"/><EventRecordID>38252484</EventRecordID><Channel>Application</Channel><Computer>WEBWK000003</Computer><Security/></System><EventData><Data>Application 'MACHINE/WEBROOT/APPHOST/POFUNQUIZ' has shutdown.</Data><Data>Process Id: 9696.</Data><Data>File Version: 19.0.25119.5. Description: IIS ASP.NET Core Module V2 Request Handler. Commit: </Data></EventData></Event><Event><System><Provider Name="IIS AspNetCore Module V2"/><EventID>1032</EventID><Level>4</Level><Task>0</Task><Keywords>Keywords</Keywords><TimeCreated SystemTime="2025-11-21T01:52:45Z"/><EventRecordID>73961453</EventRecordID><Channel>Application</Channel><Computer>WEBWK000003</Computer><Security/></System><EventData><Data>Application 'C:\home\site\wwwroot\' started successfully.</Data><Data>Process Id: 5500.</Data><Data>File Version: 19.0.25293.11. Description: IIS ASP.NET Core Module V2 Request Handler. Commit: </Data></EventData></Event><Event><System><Provider Name="IIS AspNetCore Module V2"/><EventID>1033</EventID><Level>4</Level><Task>0</Task><Keywords>Keywords</Keywords><TimeCreated SystemTime="2025-11-21T02:13:36Z"/><EventRecordID>75212203</EventRecordID><Channel>Application</Channel><Computer>WEBWK000003</Computer><Security/></System><EventData><Data>Application 'MACHINE/WEBROOT/APPHOST/POFUNQUIZ' has shutdown.</Data><Data>Process Id: 5500.</Data><Data>File Version: 19.0.25293.11. Description: IIS ASP.NET Core Module V2 Request Handler. Commit: </Data></EventData></Event><Event><System><Provider Name="IIS AspNetCore Module V2"/><EventID>1032</EventID><Level>4</Level><Task>0</Task><Keywords>Keywords</Keywords><TimeCreated SystemTime="2025-11-21T02:37:03Z"/><EventRecordID>76619390</EventRecordID><Channel>Application</Channel><Computer>WEBWK000003</Computer><Security/></System><EventData><Data>Application 'C:\home\site\wwwroot\' started successfully.</Data><Data>Process Id: 8968.</Data><Data>File Version: 19.0.25293.11. Description: IIS ASP.NET Core Module V2 Request Handler. Commit: </Data></EventData></Event><Event><System><Provider Name="IIS AspNetCore Module V2"/><EventID>1033</EventID><Level>4</Level><Task>0</Task><Keywords>Keywords</Keywords><TimeCreated SystemTime="2025-11-21T02:41:48Z"/><EventRecordID>76904296</EventRecordID><Channel>Application</Channel><Computer>WEBWK000003</Computer><Security/></System><EventData><Data>Application 'MACHINE/WEBROOT/APPHOST/POFUNQUIZ' has shutdown.</Data><Data>Process Id: 8968.</Data><Data>File Version: 19.0.25293.11. Description: IIS ASP.NET Core Module V2 Request Handler. Commit: </Data></EventData></Event><Event><System><Provider Name="IIS AspNetCore Module V2"/><EventID>1032</EventID><Level>4</Level><Task>0</Task><Keywords>Keywords</Keywords><TimeCreated SystemTime="2025-11-21T02:45:33Z"/><EventRecordID>77129250</EventRecordID><Channel>Application</Channel><Computer>WEBWK000003</Computer><Security/></System><EventData><Data>Application 'C:\home\site\wwwroot\' started successfully.</Data><Data>Process Id: 9732.</Data><Data>File Version: 19.0.25293.11. Description: IIS ASP.NET Core Module V2 Request Handler. Commit: </Data></EventData></Event><Event><System><Provider Name="IIS AspNetCore Module V2"/><EventID>1033</EventID><Level>4</Level><Task>0</Task><Keywords>Keywords</Keywords><TimeCreated SystemTime="2025-11-21T03:06:30Z"/><EventRecordID>78386265</EventRecordID><Channel>Application</Channel><Computer>WEBWK000003</Computer><Security/></System><EventData><Data>Application 'MACHINE/WEBROOT/APPHOST/POFUNQUIZ' has shutdown.</Data><Data>Process Id: 9732.</Data><Data>File Version: 19.0.25293.11. Description: IIS ASP.NET Core Module V2 Request Handler. Commit: </Data></EventData></Event><Event><System><Provider Name="IIS AspNetCore Module V2"/><EventID>1032</EventID><Level>4</Level><Task>0</Task><Keywords>Keywords</Keywords><TimeCreated SystemTime="2025-11-21T10:55:39Z"/><EventRecordID>106534250</EventRecordID><Channel>Application</Channel><Computer>WEBWK000003</Computer><Security/></System><EventData><Data>Application 'C:\home\site\wwwroot\' started successfully.</Data><Data>Process Id: 8876.</Data><Data>File Version: 19.0.25293.11. Description: IIS ASP.NET Core Module V2 Request Handler. Commit: </Data></EventData></Event><Event><System><Provider Name="IIS AspNetCore Module V2"/><EventID>1012</EventID><Level>4</Level><Task>0</Task><Keywords>Keywords</Keywords><TimeCreated SystemTime="2025-11-21T11:06:28Z"/><EventRecordID>107183593</EventRecordID><Channel>Application</Channel><Computer>WEBWK000003</Computer><Security/></System><EventData><Data>Application 'C:\home\site\wwwroot\' was recycled after detecting app_offline.htm.</Data><Data>Process Id: 8876.</Data><Data>File Version: 19.0.25293.11. Description: IIS ASP.NET Core Module V2 Request Handler. Commit: </Data></EventData></Event><Event><System><Provider Name="IIS AspNetCore Module V2"/><EventID>1033</EventID><Level>4</Level><Task>0</Task><Keywords>Keywords</Keywords><TimeCreated SystemTime="2025-11-21T11:06:28Z"/><EventRecordID>107183734</EventRecordID><Channel>Application</Channel><Computer>WEBWK000003</Computer><Security/></System><EventData><Data>Application 'MACHINE/WEBROOT/APPHOST/POFUNQUIZ' has shutdown.</Data><Data>Process Id: 8876.</Data><Data>File Version: 19.0.25293.11. Description: IIS ASP.NET Core Module V2 Request Handler. Commit: </Data></EventData></Event><Event><System><Provider Name="IIS AspNetCore Module V2"/><EventID>1032</EventID><Level>4</Level><Task>0</Task><Keywords>Keywords</Keywords><TimeCreated SystemTime="2025-11-21T11:06:55Z"/><EventRecordID>107211015</EventRecordID><Channel>Application</Channel><Computer>WEBWK000003</Computer><Security/></System><EventData><Data>Application 'C:\home\site\wwwroot\' started successfully.</Data><Data>Process Id: 6512.</Data><Data>File Version: 19.0.25293.11. Description: IIS ASP.NET Core Module V2 Request Handler. Commit: </Data></EventData></Event></Events>