﻿<?xml version="1.0" encoding="utf-8"?>
<deployment>
  <id>5bc59db18a5c41e1adc59a5dcb8492f2</id>
  <author>N/A</author>
  <deployer>ZipDeploy</deployer>
  <authorEmail>N/A</authorEmail>
  <message>Created via a push deployment</message>
  <progress></progress>
  <status>Success</status>
  <statusText></statusText>
  <lastSuccessEndTime>2025-11-21T11:06:37.4347238Z</lastSuccessEndTime>
  <receivedTime>2025-11-21T11:06:27.7269821Z</receivedTime>
  <startTime>2025-11-21T11:06:27.8676182Z</startTime>
  <endTime>2025-11-21T11:06:37.4347238Z</endTime>
  <complete>True</complete>
  <is_temp>False</is_temp>
  <is_readonly>True</is_readonly>
  <project_type>BASIC</project_type>
  <vsproject_id></vsproject_id>
</deployment>