﻿<?xml version="1.0" encoding="utf-8"?>
<deployment>
  <id>e424eacf5c914e57b8dee1a503c3f625</id>
  <author>N/A</author>
  <deployer>ZipDeploy</deployer>
  <authorEmail>N/A</authorEmail>
  <message>Created via a push deployment</message>
  <progress></progress>
  <status>Success</status>
  <statusText></statusText>
  <lastSuccessEndTime>2025-11-21T02:31:56.9854206Z</lastSuccessEndTime>
  <receivedTime>2025-11-21T02:31:45.7489929Z</receivedTime>
  <startTime>2025-11-21T02:31:45.8739326Z</startTime>
  <endTime>2025-11-21T02:31:56.9854206Z</endTime>
  <complete>True</complete>
  <is_temp>False</is_temp>
  <is_readonly>True</is_readonly>
  <project_type>BASIC</project_type>
  <vsproject_id></vsproject_id>
</deployment>