﻿<?xml version="1.0" encoding="utf-8"?>
<deployment>
  <id>f404772d352f47098ed4fd0c3fe462b1</id>
  <author>N/A</author>
  <deployer>ZipDeploy</deployer>
  <authorEmail>N/A</authorEmail>
  <message>Created via a push deployment</message>
  <progress></progress>
  <status>Success</status>
  <statusText></statusText>
  <lastSuccessEndTime>2025-10-24T12:26:57.4010627Z</lastSuccessEndTime>
  <receivedTime>2025-10-24T12:26:53.0406595Z</receivedTime>
  <startTime>2025-10-24T12:26:53.1969886Z</startTime>
  <endTime>2025-10-24T12:26:57.4010627Z</endTime>
  <complete>True</complete>
  <is_temp>False</is_temp>
  <is_readonly>True</is_readonly>
  <project_type>BASIC</project_type>
  <vsproject_id></vsproject_id>
</deployment>