{"TimeStamp":"2025-11-21T11:06:37Z","SiteName":"PoFunQuiz","RequestId":"1a47e076-c6ca-11f0-a059-7ced8dc8c262","Kind":"ZipDeploy","Status":"Success","Details":"{\"Id\":\"5bc59db18a5c41e1adc59a5dcb8492f2\",\"Status\":4,\"StatusText\":\"\",\"AuthorEmail\":\"N/A\",\"Author\":\"N/A\",\"Message\":\"Created via a push deployment\",\"Progress\":\"\",\"Deployer\":\"ZipDeploy\",\"ReceivedTime\":\"2025-11-21T11:06:27.7269821Z\",\"StartTime\":\"2025-11-21T11:06:27.8676182Z\",\"EndTime\":\"2025-11-21T11:06:37.4347238Z\",\"LastSuccessEndTime\":\"2025-11-21T11:06:37.4347238Z\",\"Complete\":true,\"IsTemporary\":false,\"IsReadOnly\":true,\"SiteName\":\"PoFunQuiz\",\"HostName\":\"pofunquiz.scm.azurewebsites.net\",\"ProjectType\":\"BASIC\",\"VsProjectId\":null}"}