﻿<?xml version="1.0" encoding="utf-8"?>
<deployment>
  <id>5e113f721ff84acba3f6dcf037a65da0</id>
  <author>N/A</author>
  <deployer>ZipDeploy</deployer>
  <authorEmail>N/A</authorEmail>
  <message>Created via a push deployment</message>
  <progress></progress>
  <status>Success</status>
  <statusText></statusText>
  <lastSuccessEndTime>2025-10-23T13:05:42.6046941Z</lastSuccessEndTime>
  <receivedTime>2025-10-23T13:05:38.3208692Z</receivedTime>
  <startTime>2025-10-23T13:05:38.4770712Z</startTime>
  <endTime>2025-10-23T13:05:42.6046941Z</endTime>
  <complete>True</complete>
  <is_temp>False</is_temp>
  <is_readonly>True</is_readonly>
  <project_type>BASIC</project_type>
  <vsproject_id></vsproject_id>
</deployment>