﻿<?xml version="1.0" encoding="utf-8"?>
<deployment>
  <id>28713a403221450a9cddb31e62a80430</id>
  <author>N/A</author>
  <deployer>ZipDeploy</deployer>
  <authorEmail>N/A</authorEmail>
  <message>Created via a push deployment</message>
  <progress></progress>
  <status>Success</status>
  <statusText></statusText>
  <lastSuccessEndTime>2025-10-23T00:52:37.5173669Z</lastSuccessEndTime>
  <receivedTime>2025-10-23T00:52:34.203321Z</receivedTime>
  <startTime>2025-10-23T00:52:34.3439245Z</startTime>
  <endTime>2025-10-23T00:52:37.5173669Z</endTime>
  <complete>True</complete>
  <is_temp>False</is_temp>
  <is_readonly>True</is_readonly>
  <project_type>BASIC</project_type>
  <vsproject_id></vsproject_id>
</deployment>