﻿<?xml version="1.0" encoding="utf-8"?>
<deployment>
  <id>f423e67cf02141c58f6640f0e7749680</id>
  <author>N/A</author>
  <deployer>ZipDeploy</deployer>
  <authorEmail>N/A</authorEmail>
  <message>Created via a push deployment</message>
  <progress></progress>
  <status>Success</status>
  <statusText></statusText>
  <lastSuccessEndTime>2025-10-22T22:35:55.7083207Z</lastSuccessEndTime>
  <receivedTime>2025-10-22T22:35:52.4426932Z</receivedTime>
  <startTime>2025-10-22T22:35:52.5676827Z</startTime>
  <endTime>2025-10-22T22:35:55.7083207Z</endTime>
  <complete>True</complete>
  <is_temp>False</is_temp>
  <is_readonly>True</is_readonly>
  <project_type>BASIC</project_type>
  <vsproject_id></vsproject_id>
</deployment>