﻿<?xml version="1.0" encoding="utf-8"?>
<deployment>
  <id>dcb51b3004cb4fe595697d0c3854c4dd</id>
  <author>N/A</author>
  <deployer>ZipDeploy</deployer>
  <authorEmail>N/A</authorEmail>
  <message>Created via a push deployment</message>
  <progress></progress>
  <status>Success</status>
  <statusText></statusText>
  <lastSuccessEndTime>2025-10-23T11:44:39.208412Z</lastSuccessEndTime>
  <receivedTime>2025-10-23T11:44:35.7228406Z</receivedTime>
  <startTime>2025-10-23T11:44:35.8478659Z</startTime>
  <endTime>2025-10-23T11:44:39.208412Z</endTime>
  <complete>True</complete>
  <is_temp>False</is_temp>
  <is_readonly>True</is_readonly>
  <project_type>BASIC</project_type>
  <vsproject_id></vsproject_id>
</deployment>