﻿<?xml version="1.0" encoding="utf-8"?>
<deployment>
  <id>411743ff80644fdd9865de6ea82d9f79</id>
  <author>N/A</author>
  <deployer>ZipDeploy</deployer>
  <authorEmail>N/A</authorEmail>
  <message>Created via a push deployment</message>
  <progress></progress>
  <status>Success</status>
  <statusText></statusText>
  <lastSuccessEndTime>2025-10-24T12:39:14.924544Z</lastSuccessEndTime>
  <receivedTime>2025-10-24T12:39:10.8882942Z</receivedTime>
  <startTime>2025-10-24T12:39:11.013294Z</startTime>
  <endTime>2025-10-24T12:39:14.924544Z</endTime>
  <complete>True</complete>
  <is_temp>False</is_temp>
  <is_readonly>True</is_readonly>
  <project_type>BASIC</project_type>
  <vsproject_id></vsproject_id>
</deployment>