{
  "mainAssemblyName": "PoFunQuiz.Client",
  "resources": {
    "hash": "sha256-ZeeHKs1YkHwoFfUccj3i3w47Er7cIgDxDf3n+91ne7s=",
    "fingerprinting": {
      "Azure.Core.ltf0pljmuu.wasm": "Azure.Core.wasm",
      "Azure.Data.Tables.kob1m6m4ky.wasm": "Azure.Data.Tables.wasm",
      "FluentValidation.fvee6lf8f0.wasm": "FluentValidation.wasm",
      "Microsoft.AspNetCore.Components.Forms.ldwpbvn8hd.wasm": "Microsoft.AspNetCore.Components.Forms.wasm",
      "Microsoft.AspNetCore.Components.6vak00ucoe.wasm": "Microsoft.AspNetCore.Components.wasm",
      "Microsoft.AspNetCore.Components.Web.cpcr2hljdf.wasm": "Microsoft.AspNetCore.Components.Web.wasm",
      "Microsoft.AspNetCore.Components.WebAssembly.6b3lxrdbqf.wasm": "Microsoft.AspNetCore.Components.WebAssembly.wasm",
      "Microsoft.AspNetCore.Connections.Abstractions.qyq2f77a7g.wasm": "Microsoft.AspNetCore.Connections.Abstractions.wasm",
      "Microsoft.AspNetCore.Http.Connections.Client.k9m97z98ys.wasm": "Microsoft.AspNetCore.Http.Connections.Client.wasm",
      "Microsoft.AspNetCore.Http.Connections.Common.pt1nirwm2g.wasm": "Microsoft.AspNetCore.Http.Connections.Common.wasm",
      "Microsoft.AspNetCore.SignalR.Client.Core.1p4estai25.wasm": "Microsoft.AspNetCore.SignalR.Client.Core.wasm",
      "Microsoft.AspNetCore.SignalR.Client.3qv77v38jl.wasm": "Microsoft.AspNetCore.SignalR.Client.wasm",
      "Microsoft.AspNetCore.SignalR.Common.e95r76oqnl.wasm": "Microsoft.AspNetCore.SignalR.Common.wasm",
      "Microsoft.AspNetCore.SignalR.Protocols.Json.fgvmmcwc1v.wasm": "Microsoft.AspNetCore.SignalR.Protocols.Json.wasm",
      "Microsoft.CSharp.yv98xbamt0.wasm": "Microsoft.CSharp.wasm",
      "Microsoft.Extensions.Configuration.Abstractions.f9jq6u05xu.wasm": "Microsoft.Extensions.Configuration.Abstractions.wasm",
      "Microsoft.Extensions.Configuration.Json.77nptesqpn.wasm": "Microsoft.Extensions.Configuration.Json.wasm",
      "Microsoft.Extensions.Configuration.ell6o7ap7i.wasm": "Microsoft.Extensions.Configuration.wasm",
      "Microsoft.Extensions.DependencyInjection.Abstractions.byrf5boy19.wasm": "Microsoft.Extensions.DependencyInjection.Abstractions.wasm",
      "Microsoft.Extensions.DependencyInjection.vc4ehennq1.wasm": "Microsoft.Extensions.DependencyInjection.wasm",
      "Microsoft.Extensions.Features.hh972o6x7g.wasm": "Microsoft.Extensions.Features.wasm",
      "Microsoft.Extensions.Logging.Abstractions.yxwi6oyaur.wasm": "Microsoft.Extensions.Logging.Abstractions.wasm",
      "Microsoft.Extensions.Logging.s3an69kiqj.wasm": "Microsoft.Extensions.Logging.wasm",
      "Microsoft.Extensions.Options.ngqudnk2q9.wasm": "Microsoft.Extensions.Options.wasm",
      "Microsoft.Extensions.Primitives.a5mjza44y9.wasm": "Microsoft.Extensions.Primitives.wasm",
      "Microsoft.JSInterop.gf06bdkkzh.wasm": "Microsoft.JSInterop.wasm",
      "Microsoft.JSInterop.WebAssembly.heoad7mujs.wasm": "Microsoft.JSInterop.WebAssembly.wasm",
      "PoFunQuiz.Client.295vscmd2n.wasm": "PoFunQuiz.Client.wasm",
      "PoFunQuiz.Core.o4k5kr6ixt.wasm": "PoFunQuiz.Core.wasm",
      "PoFunQuiz.Shared.z2tbi4iti2.wasm": "PoFunQuiz.Shared.wasm",
      "Radzen.Blazor.i2wruxzbdz.wasm": "Radzen.Blazor.wasm",
      "System.ClientModel.8v22nu9vj1.wasm": "System.ClientModel.wasm",
      "System.Collections.Concurrent.h9jyeyy6l9.wasm": "System.Collections.Concurrent.wasm",
      "System.Collections.Immutable.juec15ia9t.wasm": "System.Collections.Immutable.wasm",
      "System.Collections.NonGeneric.40znrco3f4.wasm": "System.Collections.NonGeneric.wasm",
      "System.Collections.Specialized.x3zgf9ehoz.wasm": "System.Collections.Specialized.wasm",
      "System.Collections.xbc6mzfdrc.wasm": "System.Collections.wasm",
      "System.ComponentModel.Annotations.ph4vx3mwaw.wasm": "System.ComponentModel.Annotations.wasm",
      "System.ComponentModel.Primitives.gg0ln9r2bg.wasm": "System.ComponentModel.Primitives.wasm",
      "System.ComponentModel.TypeConverter.mvjvyfgucb.wasm": "System.ComponentModel.TypeConverter.wasm",
      "System.ComponentModel.jzuedxd7v1.wasm": "System.ComponentModel.wasm",
      "System.Console.zg0jvynul5.wasm": "System.Console.wasm",
      "System.Core.zhyqkiijww.wasm": "System.Core.wasm",
      "System.Data.Common.e6hs882z48.wasm": "System.Data.Common.wasm",
      "System.Diagnostics.DiagnosticSource.npk5v2q298.wasm": "System.Diagnostics.DiagnosticSource.wasm",
      "System.Diagnostics.TraceSource.a6rolxgvtv.wasm": "System.Diagnostics.TraceSource.wasm",
      "System.Diagnostics.Tracing.xu2nqokeu4.wasm": "System.Diagnostics.Tracing.wasm",
      "System.Drawing.Primitives.rapc7rod5s.wasm": "System.Drawing.Primitives.wasm",
      "System.Drawing.cgjsay5uc4.wasm": "System.Drawing.wasm",
      "System.Formats.Asn1.xf49xcc77t.wasm": "System.Formats.Asn1.wasm",
      "System.IO.Pipelines.wth5ahhloz.wasm": "System.IO.Pipelines.wasm",
      "System.Linq.Expressions.suqt0dw21z.wasm": "System.Linq.Expressions.wasm",
      "System.Linq.Queryable.ovspl2m36z.wasm": "System.Linq.Queryable.wasm",
      "System.Linq.4h8zuzvfxi.wasm": "System.Linq.wasm",
      "System.Memory.Data.eu7y16mtuy.wasm": "System.Memory.Data.wasm",
      "System.Memory.p0km90v626.wasm": "System.Memory.wasm",
      "System.Net.Http.Json.ghz626abp0.wasm": "System.Net.Http.Json.wasm",
      "System.Net.Http.xn9qpbgp01.wasm": "System.Net.Http.wasm",
      "System.Net.Primitives.m30d9n2ysm.wasm": "System.Net.Primitives.wasm",
      "System.Net.Requests.55cin009om.wasm": "System.Net.Requests.wasm",
      "System.Net.Security.am848lsjoi.wasm": "System.Net.Security.wasm",
      "System.Net.ServerSentEvents.6vfp30uk5a.wasm": "System.Net.ServerSentEvents.wasm",
      "System.Net.WebSockets.Client.m1w22klzi5.wasm": "System.Net.WebSockets.Client.wasm",
      "System.Net.WebSockets.m2wczgnb7h.wasm": "System.Net.WebSockets.wasm",
      "System.ObjectModel.86ollcd87s.wasm": "System.ObjectModel.wasm",
      "System.Private.CoreLib.0y3b3hpbda.wasm": "System.Private.CoreLib.wasm",
      "System.Private.Uri.ar1svgs2xv.wasm": "System.Private.Uri.wasm",
      "System.Private.Xml.Linq.6y5oba0i7t.wasm": "System.Private.Xml.Linq.wasm",
      "System.Private.Xml.4xi2dvezd1.wasm": "System.Private.Xml.wasm",
      "System.Reflection.Emit.ILGeneration.8lhx661apv.wasm": "System.Reflection.Emit.ILGeneration.wasm",
      "System.Reflection.Emit.ifed1unjc5.wasm": "System.Reflection.Emit.wasm",
      "System.Reflection.Primitives.mqh5dcggcu.wasm": "System.Reflection.Primitives.wasm",
      "System.Runtime.InteropServices.JavaScript.7u81f8olp1.wasm": "System.Runtime.InteropServices.JavaScript.wasm",
      "System.Runtime.InteropServices.RuntimeInformation.rlil7od6ow.wasm": "System.Runtime.InteropServices.RuntimeInformation.wasm",
      "System.Runtime.InteropServices.pry7fjve8v.wasm": "System.Runtime.InteropServices.wasm",
      "System.Runtime.Numerics.j7h9t1rxay.wasm": "System.Runtime.Numerics.wasm",
      "System.Runtime.Serialization.Primitives.3uxvevfhal.wasm": "System.Runtime.Serialization.Primitives.wasm",
      "System.Runtime.88hwnjvbdm.wasm": "System.Runtime.wasm",
      "System.Security.Cryptography.8wlzcfnqg2.wasm": "System.Security.Cryptography.wasm",
      "System.Security.Cryptography.X509Certificates.164mptfyl3.wasm": "System.Security.Cryptography.X509Certificates.wasm",
      "System.Text.Encoding.Extensions.r3tvss3oy9.wasm": "System.Text.Encoding.Extensions.wasm",
      "System.Text.Encodings.Web.t6ew59h4fs.wasm": "System.Text.Encodings.Web.wasm",
      "System.Text.Json.rf4eazhwyw.wasm": "System.Text.Json.wasm",
      "System.Text.RegularExpressions.5qmn5unw0b.wasm": "System.Text.RegularExpressions.wasm",
      "System.Threading.Channels.r53nufvaqd.wasm": "System.Threading.Channels.wasm",
      "System.Threading.Thread.u13k1px4e9.wasm": "System.Threading.Thread.wasm",
      "System.Threading.iq3rgnvcud.wasm": "System.Threading.wasm",
      "System.t4d4s3f398.wasm": "System.wasm",
      "System.Web.HttpUtility.i4jctz2t2q.wasm": "System.Web.HttpUtility.wasm",
      "System.Xml.Linq.62mgoxb9g2.wasm": "System.Xml.Linq.wasm",
      "System.Xml.ReaderWriter.e1izqzul02.wasm": "System.Xml.ReaderWriter.wasm",
      "System.Xml.XDocument.kddu8xdvnk.wasm": "System.Xml.XDocument.wasm",
      "dotnet.js": "dotnet.js",
      "dotnet.native.noby4tlk4d.js": "dotnet.native.js",
      "dotnet.native.qe75a9vfqn.wasm": "dotnet.native.wasm",
      "dotnet.runtime.9o45ky8ejm.js": "dotnet.runtime.js"
    },
    "jsModuleNative": {
      "dotnet.native.noby4tlk4d.js": "sha256-p9eEzXhQIsI0a5bBJhfzW15iRafgplTxT8XrO5FiH9o="
    },
    "jsModuleRuntime": {
      "dotnet.runtime.9o45ky8ejm.js": "sha256-6QIZYgG+ftoT9N1H1EEJeXIhD/qbKqEcnmawDskiwdI="
    },
    "wasmNative": {
      "dotnet.native.qe75a9vfqn.wasm": "sha256-Po2dalLvTpf5jAS+jt0TzuBYybYiL1F6qAacZJ8UAdo="
    },
    "coreAssembly": {
      "System.Private.CoreLib.0y3b3hpbda.wasm": "sha256-uP+Tq8AO5f0BlX1TSf1vAtXMfnc6B1bBw7y7Tfv60O8=",
      "System.Runtime.InteropServices.JavaScript.7u81f8olp1.wasm": "sha256-/zEYK1VQFpcGHE49otyHuuLSnHHmI8k4PJBBu8zEx3g="
    },
    "assembly": {
      "Azure.Core.ltf0pljmuu.wasm": "sha256-59JxV5wTM2SQr+SUghmDjF366cxcEFzb01pIZFbSQvE=",
      "Azure.Data.Tables.kob1m6m4ky.wasm": "sha256-nADrSyWutHXDcTpScKCbsMVD0/1qIsNAYrW/tD22mWk=",
      "FluentValidation.fvee6lf8f0.wasm": "sha256-y2wmu0q0yfh4/O0BN8s/ZnPUFizpBUQu6X5SeIQJjnI=",
      "Microsoft.AspNetCore.Components.Forms.ldwpbvn8hd.wasm": "sha256-KaeHomuPbkMB5j4fO81NDLowNMo55yP/YatedUTmB9g=",
      "Microsoft.AspNetCore.Components.6vak00ucoe.wasm": "sha256-AlQ9tIJNmLAp5PfRgPNqJyDJVNAZn7frJHUMEvKEVZM=",
      "Microsoft.AspNetCore.Components.Web.cpcr2hljdf.wasm": "sha256-8FAwVHRuXje5LJ/Nm7VxcLVOCW0w0PD62fKEOqZ7pJg=",
      "Microsoft.AspNetCore.Components.WebAssembly.6b3lxrdbqf.wasm": "sha256-/l4NUtv9KYa0+/Xx/CPH26MyRIOChpbZoZojw8F7hzI=",
      "Microsoft.AspNetCore.Connections.Abstractions.qyq2f77a7g.wasm": "sha256-/i8U3ZTARKemAt89zUMIZDuIydlfgeqYffQvTqpgJx8=",
      "Microsoft.AspNetCore.Http.Connections.Client.k9m97z98ys.wasm": "sha256-CMS1hOJekc3eba43HDH1mLHzBAssTmsvxGaw72ZSqbw=",
      "Microsoft.AspNetCore.Http.Connections.Common.pt1nirwm2g.wasm": "sha256-A3lllFVBlZPPZ3v48rTt9Rm008DmG/yQH6GddZjArG4=",
      "Microsoft.AspNetCore.SignalR.Client.Core.1p4estai25.wasm": "sha256-u6AGGBBBQSXEM4ktM3THkXjKKAeiFOqmWC4sIGql6eQ=",
      "Microsoft.AspNetCore.SignalR.Client.3qv77v38jl.wasm": "sha256-pfAG82Qf7kC6yBhdHG275OnPJHZUb+EMt6uR+XJcZKE=",
      "Microsoft.AspNetCore.SignalR.Common.e95r76oqnl.wasm": "sha256-YpK9iG04Zo4IN9o1Cj0eHP5hrM/eyfj2gc8LiEvjjik=",
      "Microsoft.AspNetCore.SignalR.Protocols.Json.fgvmmcwc1v.wasm": "sha256-v85thY1twM5sB2TKmmfqfF79pfmucE5JB/dV978z4xU=",
      "Microsoft.CSharp.yv98xbamt0.wasm": "sha256-8i66mYwolr+Xiva8lE4OsQL3itz7sD4QhKaj7UvRXQ4=",
      "Microsoft.Extensions.Configuration.Abstractions.f9jq6u05xu.wasm": "sha256-AyL87FvJMf14Dcn8HeQ3n2veg/RQGVGCjfpJPt1RQC4=",
      "Microsoft.Extensions.Configuration.Json.77nptesqpn.wasm": "sha256-TUkUL2Leb3zmGe8ZZUHAzyb8vZoEzua1H8f8stc7xRw=",
      "Microsoft.Extensions.Configuration.ell6o7ap7i.wasm": "sha256-0iZA+rfvr3lLmK5V18g0LZCU41c3mbTL9jNYRoavdB0=",
      "Microsoft.Extensions.DependencyInjection.Abstractions.byrf5boy19.wasm": "sha256-Q2zTqUkco59xrpcqDFCpptO1FDUabOkrwOY49EKllUg=",
      "Microsoft.Extensions.DependencyInjection.vc4ehennq1.wasm": "sha256-j+aC75NeT4MIGU1eXMSjSHl3INkY/YPk1vSHo6r2xg8=",
      "Microsoft.Extensions.Features.hh972o6x7g.wasm": "sha256-O5KQxJOBNDHHbj0hbNif+1ZfLoc8PQnLIe6H6OjP69o=",
      "Microsoft.Extensions.Logging.Abstractions.yxwi6oyaur.wasm": "sha256-usLgt0Qm6jSQDxCBsUhYAwXQWouGssaXoNtYfSOj8Ks=",
      "Microsoft.Extensions.Logging.s3an69kiqj.wasm": "sha256-GCOS0QzcVQagg4UmKAcYYsMAJ/bE5ucGZ4ip7zyfoig=",
      "Microsoft.Extensions.Options.ngqudnk2q9.wasm": "sha256-iXVQMm+EHuOl0M20TcVFEIMHOVbqpCM/voxYP3x6eac=",
      "Microsoft.Extensions.Primitives.a5mjza44y9.wasm": "sha256-Il7b7g4iQZWSTrBCdBft+EmS4u4r3VgzpqSIb4bfvTI=",
      "Microsoft.JSInterop.gf06bdkkzh.wasm": "sha256-rMZ5JmRm/c98ZUGGvAUhCE7DRRX1TpyP9b1lkQRkcqc=",
      "Microsoft.JSInterop.WebAssembly.heoad7mujs.wasm": "sha256-99wG3VH14sWkwPaF5rX6YAcJvtAhDuqonwihvj2m5HA=",
      "PoFunQuiz.Client.295vscmd2n.wasm": "sha256-queJMkQhup+iM9vVkbnI8OQ+08m96oxnFnLXrvySBIw=",
      "PoFunQuiz.Core.o4k5kr6ixt.wasm": "sha256-KLWTQGgcbRAxuk4pRZZzLt4yBE7xliafy6rdj1ISz6w=",
      "PoFunQuiz.Shared.z2tbi4iti2.wasm": "sha256-+6mW63GNG1x4yGRk2h6PFXuXI+XdjZNXSMPxViotrzU=",
      "Radzen.Blazor.i2wruxzbdz.wasm": "sha256-Gs04GUcd79cQ91sFFqFFc02TRQaznhh0VJzHehlT89Y=",
      "System.ClientModel.8v22nu9vj1.wasm": "sha256-/IU51y3QZZ+GnpJjXSvWavMqCOwGEGZNEzwMCH+XVlk=",
      "System.Collections.Concurrent.h9jyeyy6l9.wasm": "sha256-+zPo2V5dfoibXo0B12KeawP/3QeX233AFy7ElbAmGRA=",
      "System.Collections.Immutable.juec15ia9t.wasm": "sha256-1bQNsCi30tyXkaHtOfrojAWs8oqPFdaXEcuIhRj0ox4=",
      "System.Collections.NonGeneric.40znrco3f4.wasm": "sha256-DAQogrIQKJm046ASqY9b4DrT00N10xYtD2IxttHIZNU=",
      "System.Collections.Specialized.x3zgf9ehoz.wasm": "sha256-Q5ca/nkxI47RYjuq5EYQosYev8lwA72ksZw8rmRPJMo=",
      "System.Collections.xbc6mzfdrc.wasm": "sha256-7fUyWqey+ExlfdofFIWQo4iTk6jm69NNlkcBqEc98Ys=",
      "System.ComponentModel.Annotations.ph4vx3mwaw.wasm": "sha256-fTVRpCQwqzdmbcXa+N52DlSY2yc3PDjFEMvLT+zZryw=",
      "System.ComponentModel.Primitives.gg0ln9r2bg.wasm": "sha256-kGAa2+qVoI5tu1XIyM4UwIFjioR7diGGOhMXZROvSmQ=",
      "System.ComponentModel.TypeConverter.mvjvyfgucb.wasm": "sha256-YvTx582gUqU2jrkewgywhqXl9r82ONHZeW8y9InwlZA=",
      "System.ComponentModel.jzuedxd7v1.wasm": "sha256-X3UhzHQ8oPw+1gIAtrUd6W8sed1kmYYoxOaMl2S3kZw=",
      "System.Console.zg0jvynul5.wasm": "sha256-I8CQQDrk2tNh6Ow2ZWBWi+E8oMbod/E9qenn0CojE50=",
      "System.Core.zhyqkiijww.wasm": "sha256-2dJumCDFt1mrdoA8nOGgWxtlAnPSbnYuA3oE9/6QwGU=",
      "System.Data.Common.e6hs882z48.wasm": "sha256-9k07DbPyjhkJsuUiF7TbY2ikelVUL8KtC5LSyq8ahxQ=",
      "System.Diagnostics.DiagnosticSource.npk5v2q298.wasm": "sha256-5SC/wKhCpVOIXL/VPg4M7NVMy7DEqpQJ/kFyrnijlcg=",
      "System.Diagnostics.TraceSource.a6rolxgvtv.wasm": "sha256-bkfxhtBj0gK8Iys5JBh9cdADVthdOQNT2oBq47FQx04=",
      "System.Diagnostics.Tracing.xu2nqokeu4.wasm": "sha256-xxdT6p3RvKTNXJ5NjtTHN8En8ZVTF45pXAQU/+L4bR4=",
      "System.Drawing.Primitives.rapc7rod5s.wasm": "sha256-E36ToiRNdAtxHxLuZxuj7ikjqLP++w690Sxr+ApNlto=",
      "System.Drawing.cgjsay5uc4.wasm": "sha256-hMxejrj/Rhnj20rSRV7eyTCEvWgRRLQjjBr0ElDyCfY=",
      "System.Formats.Asn1.xf49xcc77t.wasm": "sha256-Q5CYslH8tTLeiFqMoUNx2VwL3gFRNXlwEiUGzx3PnlU=",
      "System.IO.Pipelines.wth5ahhloz.wasm": "sha256-fJgXekQoMC6oRrr2aAvoaEevbYmxogNk5fiC2hp+5gQ=",
      "System.Linq.Expressions.suqt0dw21z.wasm": "sha256-zP5UymJnwZOhjyY2W0E3CYjXRZsLnTXmebUVeKhJN54=",
      "System.Linq.Queryable.ovspl2m36z.wasm": "sha256-dPspSlbjFMcqxOJwClikwTsrEdZfLWYFArjeGzeFLK8=",
      "System.Linq.4h8zuzvfxi.wasm": "sha256-WPCvvD5jOSXCZ9OQkeJ4JnP9shtwQxUSSbm0FZh2xA4=",
      "System.Memory.Data.eu7y16mtuy.wasm": "sha256-yopPLH4FqziN/PbHtZG5vo8/srqm6lh+xM+ovAkVGKs=",
      "System.Memory.p0km90v626.wasm": "sha256-J9h2vjGna8C8cRChnNEaRlO58sWU+AA2QG8YrarU5rs=",
      "System.Net.Http.Json.ghz626abp0.wasm": "sha256-JHNU4lmmsAk2TUlfFqfBhFHuofnCWI3SIsirCYXoYNg=",
      "System.Net.Http.xn9qpbgp01.wasm": "sha256-bbiRBbVtkoRLjKkN8/A3evN+KFDmtd9Q+uN5sqpLKDw=",
      "System.Net.Primitives.m30d9n2ysm.wasm": "sha256-wkYr3DJD9pV+JrVUMnNFzD36Bfmz3UInvXL8Go4DQnQ=",
      "System.Net.Requests.55cin009om.wasm": "sha256-BztlY9meGK6NxFktccU+WN/MCNxx4sMg6A1hoyHsScg=",
      "System.Net.Security.am848lsjoi.wasm": "sha256-Xv/LkIbjvcTug5c/0++xACpFuzGMVAx2Qays2klA4CQ=",
      "System.Net.ServerSentEvents.6vfp30uk5a.wasm": "sha256-biDTVOqaYw+dLbGCNuJC3otiWfUO8POrzwYUNOHzPAA=",
      "System.Net.WebSockets.Client.m1w22klzi5.wasm": "sha256-Rs8ADj0ya7emEmbBx3IcEASfdujSaZvzAX7K7AJ9Dtg=",
      "System.Net.WebSockets.m2wczgnb7h.wasm": "sha256-XqDm+BgHrt1/qzD2/LsNt819o8SpsYE7IXO55t0wo/I=",
      "System.ObjectModel.86ollcd87s.wasm": "sha256-YN25QQoe4H7RoPbSQfbB9pGgk+y/hkXjo1gN9nF2M+w=",
      "System.Private.Uri.ar1svgs2xv.wasm": "sha256-5vYX1rOm92tNzrdwk1J9XiDFelrsEVoJS/ZACYhQh7E=",
      "System.Private.Xml.Linq.6y5oba0i7t.wasm": "sha256-4vi+zPzgVRrxWeC5m0XOWQcMfWSPMPwKy/rAnoZtRpo=",
      "System.Private.Xml.4xi2dvezd1.wasm": "sha256-uIqQuA2nYvyeaqzddr/icbEJqPEBD+ZGAg/u/DLsNy8=",
      "System.Reflection.Emit.ILGeneration.8lhx661apv.wasm": "sha256-TAWkV7cQJ51expIksAgfcov0i+KrBS73tF/Zb5b7msk=",
      "System.Reflection.Emit.ifed1unjc5.wasm": "sha256-smyknlHQAoehqpBddHXO8lICNbsuyJq8aNOqPvAPPWY=",
      "System.Reflection.Primitives.mqh5dcggcu.wasm": "sha256-DsbZXTIkkpkVbx9luOz3EgU80fgg7jpxlhMIMr4HFAE=",
      "System.Runtime.InteropServices.RuntimeInformation.rlil7od6ow.wasm": "sha256-kZccDgQt4N3VzcEl3vi9mY5HzKvR81pbWJf/fNdiYbI=",
      "System.Runtime.InteropServices.pry7fjve8v.wasm": "sha256-xbaenb4iwzQANJLwYU9qoLTSv6HDsQDdrqIQaqq42pw=",
      "System.Runtime.Numerics.j7h9t1rxay.wasm": "sha256-X5DXlW9EAkVF9cUGOrl16cTFVMuXRvaJpkAeUKrmDD8=",
      "System.Runtime.Serialization.Primitives.3uxvevfhal.wasm": "sha256-9Wi289NhYYnCbGhAp1we/uoJBKRP27gIrhWBYpO0Vo4=",
      "System.Runtime.88hwnjvbdm.wasm": "sha256-yI18WbgzfyjViOYMsRGQv6VU6Jhb9GTfM3OTYf1HdB4=",
      "System.Security.Cryptography.8wlzcfnqg2.wasm": "sha256-mHHxZF3TDekcWtVFcUE+Qswdb7IXvEJF/l+TVRbYtKE=",
      "System.Security.Cryptography.X509Certificates.164mptfyl3.wasm": "sha256-Z4TjhLHhsfSnPsvEfqgnw8Set9b1JZMdoGGC5xJZT4I=",
      "System.Text.Encoding.Extensions.r3tvss3oy9.wasm": "sha256-F2EnIoFynO9FTiVa0TLwVvbJ9bn+a4MGhRQpzzxOOSs=",
      "System.Text.Encodings.Web.t6ew59h4fs.wasm": "sha256-K/egQdzbJ4eqbIxpp6Qz3CwQDOjsZtx80avdzVfHGk0=",
      "System.Text.Json.rf4eazhwyw.wasm": "sha256-CSx3DUuKxEz2yRlp3//FnTll05TowcQizKZOG2Wd9qo=",
      "System.Text.RegularExpressions.5qmn5unw0b.wasm": "sha256-zZ9e01kfRcd241l152JaCM6E6ba1GuZHZB1h2LfFPm0=",
      "System.Threading.Channels.r53nufvaqd.wasm": "sha256-Qab/G3L9dUzR3CToYeSOl3kP7U9SOBlvG+aX4D2OFyM=",
      "System.Threading.Thread.u13k1px4e9.wasm": "sha256-cgG+SxCaOelUBvYBj/JRMtTfrFyGlV87/hw1V/LtuEg=",
      "System.Threading.iq3rgnvcud.wasm": "sha256-VvhtZJbKkvG3i0MTybpc3rPxHGC2K182lAitKonsWvU=",
      "System.t4d4s3f398.wasm": "sha256-fVP2BxRRKpBA0PmBbKxmO45bXDrAXVn1GthlDclLbeU=",
      "System.Web.HttpUtility.i4jctz2t2q.wasm": "sha256-0vRJc1ChCUo/RxctXpck4xrhb3wtxNX0yg1qdXxQFSE=",
      "System.Xml.Linq.62mgoxb9g2.wasm": "sha256-UgDQgumqZj6p9gp1AxxwuF7FY0ittV25c4qrMW9q7XY=",
      "System.Xml.ReaderWriter.e1izqzul02.wasm": "sha256-EixPe3Ncdulc7yaP7Vnyup2qIyIIOweEaIGEy4JTGVw=",
      "System.Xml.XDocument.kddu8xdvnk.wasm": "sha256-OFvmqMZqX2FEexok3BvTYq/u3aq26IQU4W52THOnIU0="
    }
  },
  "cacheBootResources": true,
  "debugLevel": 0,
  "linkerEnabled": true,
  "globalizationMode": "invariant",
  "extensions": {
    "blazor": {}
  }
}