<step title="Incoming Request" date="2025-11-21T11:06:24.055" instance="22a7da" url="/api/zipdeploy?isAsync=true" method="POST" type="request" pid="9464,2,7" Cache-Control="no-cache" Connection="Keep-Alive" Content-Length="48141863" Content-Type="application/octet-stream" Accept="*/*" Accept-Encoding="gzip, deflate" Authorization="Bea..." Host="pofunquiz.scm.azurewebsites.net" User-Agent="AZURECLI/2.79.0 (DEB)" x-ms-client-request-id="1a47e076-c6ca-11f0-a059-7ced8dc8c262" X-ARR-LOG-ID="1a47e076-c6ca-11f0-a059-7ced8dc8c262" CLIENT-IP="135.232.208.135:14336" X-SITE-DEPLOYMENT-ID="PoFunQuiz" WAS-DEFAULT-HOSTNAME="pofunquiz.scm.azurewebsites.net" X-Forwarded-Proto="https" X-AppService-Proto="https" X-Forwarded-TlsVersion="1.3" X-WAWS-Unencoded-URL="/api/zipdeploy?isAsync=true" X-MS-COLDSTART="1" >
  <step title="ZipPushDeploy" date="2025-11-21T11:06:24.664" >
    <step title="ZipDeploy. Extract zip. " date="2025-11-21T11:06:24.695" /><!-- duration: 0ms -->
    <step title="Starting PushDeployAsync" date="2025-11-21T11:06:24.711" /><!-- duration: 16ms -->
    <step title="Updating shutdown sentinel last write time" date="2025-11-21T11:06:24.789" SemaphoreCount="7" /><!-- duration: 0ms -->
    <step title="LockFile &apos;C:\home\site\locks\deployments.lock&apos; acquired" date="2025-11-21T11:06:24.805" /><!-- duration: 0ms -->
    <step title="Saving request content to C:\local\Temp\zipdeploy\erxx2kum.zip" date="2025-11-21T11:06:24.805" >
      <step title="Total 48,141,863 bytes written to C:\local\Temp\zipdeploy\erxx2kum.zip" date="2025-11-21T11:06:25.539" /><!-- duration: 0ms -->
    </step><!-- duration: 734ms -->
    <step title="LockFile &apos;C:\home\site\locks\deployments.lock&apos; released" date="2025-11-21T11:06:25.555" /><!-- duration: 0ms -->
    <step title="Deleting shutdown sentinel file" date="2025-11-21T11:06:25.570" SemaphoreCount="8" /><!-- duration: 0ms -->
    <step title="Starting FetchDeploy" date="2025-11-21T11:06:25.586" /><!-- duration: 0ms -->
    <step title="Start deployment in the background" date="2025-11-21T11:06:25.586" /><!-- duration: 109ms -->
  </step><!-- duration: 1047ms -->
  <step title="Outgoing response" date="2025-11-21T11:06:25.742" type="response" statusCode="202" statusText="Accepted" Server="Microsoft-IIS/10.0" x-ms-request-id="1a47e076-c6ca-11f0-a059-7ced8dc8c262" Retry-After="30" Cache-Control="private" X-AspNet-Version="4.0.30319" Location="https://pofunquiz.scm.azurewebsites.net/api/deployments/latest?deployer=ZipDeploy&amp;time=2025-11-21_11-06-25Z" /><!-- duration: 16ms -->
</step><!-- duration: 1703ms -->
