<step title="BackgroundTrace" date="2025-11-21T02:31:44.029" instance="22a7da" url="/api/zipdeploy" method="POST" >
  <step title="Updating shutdown sentinel last write time" date="2025-11-21T02:31:44.076" SemaphoreCount="7" /><!-- duration: 0ms -->
  <step title="LockFile &apos;C:\home\site\locks\deployments.lock&apos; acquired" date="2025-11-21T02:31:44.092" /><!-- duration: 0ms -->
  <step title="Creating temporary deployment" date="2025-11-21T02:31:44.092" /><!-- duration: 62ms -->
  <step title="Performing fetch based deployment" date="2025-11-21T02:31:44.170" >
    <step title="Fetching changes." date="2025-11-21T02:31:44.233" /><!-- duration: 16ms -->
    <step title="Starting LocalZipHandler" date="2025-11-21T02:31:44.248" /><!-- duration: 0ms -->
    <step title="Cleaning up temp folders from previous zip deployments and extracting pushed zip file C:\local\Temp\zipdeploy\zpv1xn04.zip (30.61 MB) to C:\local\Temp\zipdeploy\extracted" date="2025-11-21T02:31:44.280" /><!-- duration: 0ms -->
    <step title="Cleaning up temp folders from previous zip deployments and extracting pushed zip file C:\local\Temp\zipdeploy\zpv1xn04.zip (30.61 MB) to C:\local\Temp\zipdeploy\extracted" date="2025-11-21T02:31:44.295" >
      <step title="Extracting 608 entries to C:\local\Temp\zipdeploy\extracted directory" date="2025-11-21T02:31:44.327" >
        <step title="Extracting to C:\local\Temp\zipdeploy\extracted\Microsoft.Extensions.Primitives.dll ..." date="2025-11-21T02:31:44.327" /><!-- duration: 16ms -->
        <step title="Extracting to C:\local\Temp\zipdeploy\extracted\PoFunQuiz.Api.staticwebassets.endpoints.json ..." date="2025-11-21T02:31:44.342" /><!-- duration: 16ms -->
        <step title="Extracting to C:\local\Temp\zipdeploy\extracted\Microsoft.AI.ServerTelemetryChannel.dll ..." date="2025-11-21T02:31:44.358" /><!-- duration: 16ms -->
        <step title="Extracting to C:\local\Temp\zipdeploy\extracted\Microsoft.Extensions.DependencyInjection.dll ..." date="2025-11-21T02:31:44.373" /><!-- duration: 0ms -->
        <step title="Extracting to C:\local\Temp\zipdeploy\extracted\Microsoft.JSInterop.WebAssembly.dll ..." date="2025-11-21T02:31:44.389" /><!-- duration: 0ms -->
        <step title="Omitting extracting file traces ..." date="2025-11-21T02:31:44.389" /><!-- duration: 16ms -->
      </step><!-- duration: 1328ms -->
    </step><!-- duration: 1359ms -->
    <step title="Before sending BuildRequestReceived status to /api/updatedeploystatus" date="2025-11-21T02:31:45.670" /><!-- duration: 0ms -->
    <step title="DeploymentManager.Deploy(id:e424eacf5c914e57b8dee1a503c3f625)" date="2025-11-21T02:31:45.686" >
      <step title="Collecting changeset information" date="2025-11-21T02:31:45.686" /><!-- duration: 78ms -->
      <step title="Updating submodules" date="2025-11-21T02:31:45.764" >
        <step title="Updating submodules." date="2025-11-21T02:31:45.811" /><!-- duration: 0ms -->
      </step><!-- duration: 47ms -->
      <step title="Preparing deployment for commit id &apos;e424eacf5c&apos;." date="2025-11-21T02:31:45.858" /><!-- duration: 0ms -->
      <step title="Determining deployment builder" date="2025-11-21T02:31:45.889" >
        <step title="Builder is BasicBuilder" date="2025-11-21T02:31:45.905" /><!-- duration: 0ms -->
      </step><!-- duration: 16ms -->
      <step title="Copying SSH keys" date="2025-11-21T02:31:46.030" /><!-- duration: 16ms -->
      <step title="Building" date="2025-11-21T02:31:46.045" >
        <step title="Generating deployment script." date="2025-11-21T02:31:46.077" /><!-- duration: 16ms -->
        <step title="Generating deployment script" date="2025-11-21T02:31:46.092" >
          <step title="Using cached version of the deployment script for command: -y --no-dot-deployment -r &quot;C:\local\Temp\zipdeploy\extracted&quot; -o &quot;C:\home\site\deployments\tools&quot; --basic --sitePath &quot;C:\local\Temp\zipdeploy\extracted&quot;" date="2025-11-21T02:31:46.186" /><!-- duration: 16ms -->
          <step title="Using cached version of deployment script (command: &apos;azure -y --no-dot-deployment -r &quot;C:\local\Temp\zipdeploy\extracted&quot; -o &quot;C:\home\site\deployments\tools&quot; --basic --sitePath &quot;C:\local\Temp\zipdeploy\extracted&quot;&apos;)." date="2025-11-21T02:31:46.202" /><!-- duration: 16ms -->
        </step><!-- duration: 125ms -->
        <step title="Running deployment command..." date="2025-11-21T02:31:46.248" /><!-- duration: 0ms -->
        <step title="Command: &quot;C:\home\site\deployments\tools\deploy.cmd&quot;" date="2025-11-21T02:31:46.280" /><!-- duration: 0ms -->
        <step title="Executing external process" date="2025-11-21T02:31:46.295" type="process" path="starter.cmd" arguments="&quot;C:\home\site\deployments\tools\deploy.cmd&quot;" >
          <step title="Handling Basic Web Site deployment." date="2025-11-21T02:31:46.561" /><!-- duration: 0ms -->
          <step title="Creating app_offline.htm" date="2025-11-21T02:31:47.045" /><!-- duration: 0ms -->
          <step title="KuduSync.NET from: &apos;C:\local\Temp\zipdeploy\extracted&apos; to: &apos;C:\home\site\wwwroot&apos;" date="2025-11-21T02:31:47.061" /><!-- duration: 0ms -->
          <step title="Deleting file: &apos;Microsoft.Extensions.Configuration.Binder.dll&apos;" date="2025-11-21T02:31:47.077" /><!-- duration: 0ms -->
          <step title="Deleting file: &apos;Microsoft.Extensions.Configuration.dll&apos;" date="2025-11-21T02:31:47.077" /><!-- duration: 16ms -->
          <step title="Deleting file: &apos;Microsoft.Extensions.Configuration.FileExtensions.dll&apos;" date="2025-11-21T02:31:47.092" /><!-- duration: 0ms -->
          <step title="Deleting file: &apos;Microsoft.Extensions.Configuration.Json.dll&apos;" date="2025-11-21T02:31:47.108" /><!-- duration: 0ms -->
          <step title="Deleting file: &apos;Microsoft.Extensions.Diagnostics.Abstractions.dll&apos;" date="2025-11-21T02:31:47.108" /><!-- duration: 16ms -->
          <step title="Deleting file: &apos;Microsoft.Extensions.Diagnostics.HealthChecks.Abstractions.dll&apos;" date="2025-11-21T02:31:47.123" /><!-- duration: 0ms -->
          <step title="Deleting file: &apos;Microsoft.Extensions.Diagnostics.HealthChecks.dll&apos;" date="2025-11-21T02:31:47.139" /><!-- duration: 0ms -->
          <step title="Deleting file: &apos;Microsoft.Extensions.FileProviders.Abstractions.dll&apos;" date="2025-11-21T02:31:47.155" /><!-- duration: 0ms -->
          <step title="Deleting file: &apos;Microsoft.Extensions.FileProviders.Physical.dll&apos;" date="2025-11-21T02:31:47.155" /><!-- duration: 16ms -->
          <step title="Deleting file: &apos;Microsoft.Extensions.FileSystemGlobbing.dll&apos;" date="2025-11-21T02:31:47.170" /><!-- duration: 0ms -->
          <step title="Deleting file: &apos;Microsoft.Extensions.Hosting.Abstractions.dll&apos;" date="2025-11-21T02:31:47.186" /><!-- duration: 0ms -->
          <step title="Deleting file: &apos;Microsoft.Extensions.Logging.dll&apos;" date="2025-11-21T02:31:47.186" /><!-- duration: 0ms -->
          <step title="Deleting file: &apos;PoFunQuiz.Server&apos;" date="2025-11-21T02:31:47.202" /><!-- duration: 0ms -->
          <step title="Deleting file: &apos;PoFunQuiz.Server.deps.json&apos;" date="2025-11-21T02:31:47.233" /><!-- duration: 16ms -->
          <step title="Deleting file: &apos;PoFunQuiz.Server.dll&apos;" date="2025-11-21T02:31:47.248" /><!-- duration: 0ms -->
          <step title="Deleting file: &apos;PoFunQuiz.Server.pdb&apos;" date="2025-11-21T02:31:47.264" /><!-- duration: 0ms -->
          <step title="Deleting file: &apos;PoFunQuiz.Server.runtimeconfig.json&apos;" date="2025-11-21T02:31:47.280" /><!-- duration: 0ms -->
          <step title="Deleting file: &apos;PoFunQuiz.Server.staticwebassets.endpoints.json&apos;" date="2025-11-21T02:31:47.280" /><!-- duration: 0ms -->
          <step title="Copying file: &apos;appsettings.json&apos;" date="2025-11-21T02:31:47.295" /><!-- duration: 0ms -->
          <step title="Copying file: &apos;Azure.Core.dll&apos;" date="2025-11-21T02:31:47.311" /><!-- duration: 0ms -->
          <step title="Copying file: &apos;Azure.Extensions.AspNetCore.Configuration.Secrets.dll&apos;" date="2025-11-21T02:31:47.311" /><!-- duration: 16ms -->
          <step title="Copying file: &apos;Azure.Identity.dll&apos;" date="2025-11-21T02:31:47.327" /><!-- duration: 0ms -->
          <step title="Copying file: &apos;Azure.Security.KeyVault.Secrets.dll&apos;" date="2025-11-21T02:31:47.342" /><!-- duration: 0ms -->
          <step title="Copying file: &apos;FluentValidation.dll&apos;" date="2025-11-21T02:31:47.358" /><!-- duration: 0ms -->
          <step title="Copying file: &apos;Microsoft.AspNetCore.Components.WebAssembly.dll&apos;" date="2025-11-21T02:31:47.373" /><!-- duration: 0ms -->
          <step title="Copying file: &apos;Microsoft.AspNetCore.Components.WebAssembly.Server.dll&apos;" date="2025-11-21T02:31:47.389" /><!-- duration: 0ms -->
          <step title="Copying file: &apos;Microsoft.AspNetCore.Http.Connections.Client.dll&apos;" date="2025-11-21T02:31:47.405" /><!-- duration: 0ms -->
          <step title="Copying file: &apos;Microsoft.AspNetCore.OpenApi.dll&apos;" date="2025-11-21T02:31:47.405" /><!-- duration: 16ms -->
          <step title="Copying file: &apos;Microsoft.AspNetCore.SignalR.Client.Core.dll&apos;" date="2025-11-21T02:31:47.420" /><!-- duration: 16ms -->
          <step title="Copying file: &apos;Microsoft.AspNetCore.SignalR.Client.dll&apos;" date="2025-11-21T02:31:47.436" /><!-- duration: 16ms -->
          <step title="Copying file: &apos;Microsoft.Azure.SignalR.Common.dll&apos;" date="2025-11-21T02:31:47.452" /><!-- duration: 0ms -->
          <step title="Copying file: &apos;Microsoft.Azure.SignalR.dll&apos;" date="2025-11-21T02:31:47.467" /><!-- duration: 0ms -->
          <step title="Copying file: &apos;Microsoft.Azure.SignalR.Protocols.dll&apos;" date="2025-11-21T02:31:47.483" /><!-- duration: 0ms -->
          <step title="Copying file: &apos;Microsoft.Identity.Client.dll&apos;" date="2025-11-21T02:31:47.483" /><!-- duration: 16ms -->
          <step title="Copying file: &apos;Microsoft.Identity.Client.Extensions.Msal.dll&apos;" date="2025-11-21T02:31:47.498" /><!-- duration: 0ms -->
          <step title="Copying file: &apos;Microsoft.IdentityModel.Abstractions.dll&apos;" date="2025-11-21T02:31:47.514" /><!-- duration: 0ms -->
          <step title="Copying file: &apos;Microsoft.JSInterop.WebAssembly.dll&apos;" date="2025-11-21T02:31:47.530" /><!-- duration: 0ms -->
          <step title="Copying file: &apos;Newtonsoft.Json.dll&apos;" date="2025-11-21T02:31:47.545" /><!-- duration: 0ms -->
          <step title="Copying file: &apos;PoFunQuiz.Api&apos;" date="2025-11-21T02:31:47.561" /><!-- duration: 0ms -->
          <step title="Copying file: &apos;PoFunQuiz.Api.deps.json&apos;" date="2025-11-21T02:31:47.561" /><!-- duration: 16ms -->
          <step title="Copying file: &apos;PoFunQuiz.Api.dll&apos;" date="2025-11-21T02:31:47.577" /><!-- duration: 16ms -->
          <step title="Copying file: &apos;PoFunQuiz.Api.pdb&apos;" date="2025-11-21T02:31:47.592" /><!-- duration: 0ms -->
          <step title="Copying file: &apos;PoFunQuiz.Api.runtimeconfig.json&apos;" date="2025-11-21T02:31:47.608" /><!-- duration: 0ms -->
          <step title="Copying file: &apos;PoFunQuiz.Api.staticwebassets.endpoints.json&apos;" date="2025-11-21T02:31:47.623" /><!-- duration: 0ms -->
          <step title="Copying file: &apos;PoFunQuiz.Client.dll&apos;" date="2025-11-21T02:31:47.639" /><!-- duration: 0ms -->
          <step title="Copying file: &apos;PoFunQuiz.Client.pdb&apos;" date="2025-11-21T02:31:47.639" /><!-- duration: 16ms -->
          <step title="Copying file: &apos;PoFunQuiz.Core.dll&apos;" date="2025-11-21T02:31:47.670" /><!-- duration: 0ms -->
          <step title="Copying file: &apos;PoFunQuiz.Infrastructure.dll&apos;" date="2025-11-21T02:31:47.670" /><!-- duration: 16ms -->
          <step title="Omitting next output lines..." date="2025-11-21T02:31:47.686" /><!-- duration: 0ms -->
          <step title="Finished successfully." date="2025-11-21T02:31:56.626" /><!-- duration: 0ms -->
        </step><!-- duration: 10346ms -->
        <step title="Running post deployment command(s)..." date="2025-11-21T02:31:56.704" /><!-- duration: 0ms -->
        <step title="Triggering recycle (preview mode disabled)." date="2025-11-21T02:31:56.891" /><!-- duration: 16ms -->
        <step title="Ignoring FS watcher based recycle request as this is a classic Windows app." date="2025-11-21T02:31:56.922" /><!-- duration: 0ms -->
        <step title="Deployment successful. DEPLOYMENTINFO: deploymentPath = ZipDeploy. Extract zip. , deployer = ZipDeploy, os = windows, sku = Free, siteName = PoFunQuiz, siteHostName = pofunquiz.azurewebsites.net, deploymentStatus = Success" date="2025-11-21T02:31:56.954" /><!-- duration: 16ms -->
        <step title="Purge deployment items" date="2025-11-21T02:31:57.032" >
          <step title="Remove 30b53c5ce, Success, received at 10/22/2025 7:46:48 PM" date="2025-11-21T02:31:57.094" /><!-- duration: 0ms -->
        </step><!-- duration: 78ms -->
      </step><!-- duration: 11080ms -->
    </step><!-- duration: 11455ms -->
    <step title="Cleaning up temp files" date="2025-11-21T02:31:57.157" /><!-- duration: 16ms -->
    <step title="Skip function trigger and logicapp sync because function is not enabled." date="2025-11-21T02:31:57.188" /><!-- duration: 0ms -->
  </step><!-- duration: 13033ms -->
  <step title="LockFile &apos;C:\home\site\locks\deployments.lock&apos; released" date="2025-11-21T02:31:57.219" /><!-- duration: 0ms -->
  <step title="Deleting shutdown sentinel file" date="2025-11-21T02:31:57.219" SemaphoreCount="8" /><!-- duration: 0ms -->
</step><!-- duration: 13206ms -->
