<step title="Incoming Request" date="2025-11-21T02:31:42.654" instance="22a7da" url="/api/zipdeploy?isAsync=true" method="POST" type="request" pid="8208,2,8" Cache-Control="no-cache" Connection="Keep-Alive" Content-Length="32092426" Content-Type="application/octet-stream" Accept="*/*" Accept-Encoding="gzip, deflate" Authorization="Bea..." Host="pofunquiz.scm.azurewebsites.net" User-Agent="AZURECLI/2.79.0 (DEB)" x-ms-client-request-id="321a0f1e-c682-11f0-a059-002248553ff3" X-ARR-LOG-ID="321a0f1e-c682-11f0-a059-002248553ff3" CLIENT-IP="145.132.103.17:38912" X-SITE-DEPLOYMENT-ID="PoFunQuiz" WAS-DEFAULT-HOSTNAME="pofunquiz.scm.azurewebsites.net" X-Forwarded-Proto="https" X-AppService-Proto="https" X-Forwarded-TlsVersion="1.3" X-WAWS-Unencoded-URL="/api/zipdeploy?isAsync=true" X-MS-COLDSTART="1" >
  <step title="ZipPushDeploy" date="2025-11-21T02:31:43.279" >
    <step title="ZipDeploy. Extract zip. " date="2025-11-21T02:31:43.310" /><!-- duration: 0ms -->
    <step title="Starting PushDeployAsync" date="2025-11-21T02:31:43.326" /><!-- duration: 0ms -->
    <step title="Updating shutdown sentinel last write time" date="2025-11-21T02:31:43.388" SemaphoreCount="7" /><!-- duration: 0ms -->
    <step title="LockFile &apos;C:\home\site\locks\deployments.lock&apos; acquired" date="2025-11-21T02:31:43.404" /><!-- duration: 0ms -->
    <step title="Saving request content to C:\local\Temp\zipdeploy\zpv1xn04.zip" date="2025-11-21T02:31:43.404" >
      <step title="Total 32,092,426 bytes written to C:\local\Temp\zipdeploy\zpv1xn04.zip" date="2025-11-21T02:31:43.982" /><!-- duration: 0ms -->
    </step><!-- duration: 578ms -->
    <step title="LockFile &apos;C:\home\site\locks\deployments.lock&apos; released" date="2025-11-21T02:31:43.998" /><!-- duration: 0ms -->
    <step title="Deleting shutdown sentinel file" date="2025-11-21T02:31:44.013" SemaphoreCount="8" /><!-- duration: 0ms -->
    <step title="Starting FetchDeploy" date="2025-11-21T02:31:44.013" /><!-- duration: 16ms -->
    <step title="Start deployment in the background" date="2025-11-21T02:31:44.029" /><!-- duration: 141ms -->
  </step><!-- duration: 891ms -->
  <step title="Outgoing response" date="2025-11-21T02:31:44.217" type="response" statusCode="202" statusText="Accepted" Server="Microsoft-IIS/10.0" x-ms-request-id="321a0f1e-c682-11f0-a059-002248553ff3" Retry-After="30" Cache-Control="private" X-AspNet-Version="4.0.30319" Location="https://pofunquiz.scm.azurewebsites.net/api/deployments/latest?deployer=ZipDeploy&amp;time=2025-11-21_02-31-44Z" /><!-- duration: 0ms -->
</step><!-- duration: 1563ms -->
