<step title="Incoming Request" date="2025-10-22T19:10:18.379" instance="c01540" url="/api/zipdeploy?isAsync=true" method="POST" type="request" pid="4324,2,24" Cache-Control="no-cache" Content-Length="24107692" Content-Type="application/octet-stream" Accept="*/*" Accept-Encoding="gzip, deflate" Authorization="Bea..." Host="pofunquiz.scm.azurewebsites.net" User-Agent="AZURECLI/2.77.0 (DEB)" x-ms-client-request-id="b6605cde-af7a-11f0-a35e-7c1e522c8b8e" X-ARR-LOG-ID="b6605cde-af7a-11f0-a35e-7c1e522c8b8e" CLIENT-IP="172.183.135.243:39168" X-SITE-DEPLOYMENT-ID="PoFunQuiz" WAS-DEFAULT-HOSTNAME="pofunquiz.scm.azurewebsites.net" X-Forwarded-Proto="https" X-AppService-Proto="https" X-Forwarded-TlsVersion="1.3" X-WAWS-Unencoded-URL="/api/zipdeploy?isAsync=true" >
  <step title="Cleanup Xml Logs" date="2025-10-22T19:10:18.379" /><!-- duration: 16ms -->
  <step title="ZipPushDeploy" date="2025-10-22T19:10:18.394" >
    <step title="ZipDeploy. Extract zip. " date="2025-10-22T19:10:18.410" /><!-- duration: 0ms -->
    <step title="Starting PushDeployAsync" date="2025-10-22T19:10:18.410" /><!-- duration: 0ms -->
    <step title="Updating shutdown sentinel last write time" date="2025-10-22T19:10:18.426" SemaphoreCount="7" /><!-- duration: 0ms -->
    <step title="LockFile &apos;C:\home\site\locks\deployments.lock&apos; acquired" date="2025-10-22T19:10:18.426" /><!-- duration: 16ms -->
    <step title="Saving request content to C:\local\Temp\zipdeploy\tzgc01oj.zip" date="2025-10-22T19:10:18.441" >
      <step title="Total 24,107,692 bytes written to C:\local\Temp\zipdeploy\tzgc01oj.zip" date="2025-10-22T19:10:18.566" /><!-- duration: 0ms -->
    </step><!-- duration: 141ms -->
    <step title="LockFile &apos;C:\home\site\locks\deployments.lock&apos; released" date="2025-10-22T19:10:18.598" /><!-- duration: 0ms -->
    <step title="Deleting shutdown sentinel file" date="2025-10-22T19:10:18.598" SemaphoreCount="8" /><!-- duration: 16ms -->
    <step title="Starting FetchDeploy" date="2025-10-22T19:10:18.614" /><!-- duration: 16ms -->
    <step title="Start deployment in the background" date="2025-10-22T19:10:18.629" /><!-- duration: 94ms -->
  </step><!-- duration: 329ms -->
  <step title="Outgoing response" date="2025-10-22T19:10:18.739" type="response" statusCode="202" statusText="Accepted" Server="Microsoft-IIS/10.0" x-ms-request-id="b6605cde-af7a-11f0-a35e-7c1e522c8b8e" Retry-After="30" Cache-Control="private" X-AspNet-Version="4.0.30319" Location="https://pofunquiz.scm.azurewebsites.net/api/deployments/latest?deployer=ZipDeploy&amp;time=2025-10-22_19-10-18Z" /><!-- duration: 0ms -->
</step><!-- duration: 360ms -->
