<step title="BackgroundTrace" date="2025-10-24T01:03:48.198" instance="c01540" url="/api/zipdeploy" method="POST" >
  <step title="Updating shutdown sentinel last write time" date="2025-10-24T01:03:48.214" SemaphoreCount="7" /><!-- duration: 0ms -->
  <step title="LockFile &apos;C:\home\site\locks\deployments.lock&apos; acquired" date="2025-10-24T01:03:48.214" /><!-- duration: 16ms -->
  <step title="Creating temporary deployment" date="2025-10-24T01:03:48.229" /><!-- duration: 63ms -->
  <step title="Performing fetch based deployment" date="2025-10-24T01:03:48.292" >
    <step title="Fetching changes." date="2025-10-24T01:03:48.370" /><!-- duration: 16ms -->
    <step title="Starting LocalZipHandler" date="2025-10-24T01:03:48.401" /><!-- duration: 0ms -->
    <step title="Cleaning up temp folders from previous zip deployments and extracting pushed zip file C:\local\Temp\zipdeploy\atl1vchs.zip (28.06 MB) to C:\local\Temp\zipdeploy\extracted" date="2025-10-24T01:03:48.432" /><!-- duration: 0ms -->
    <step title="Cleaning up temp folders from previous zip deployments and extracting pushed zip file C:\local\Temp\zipdeploy\atl1vchs.zip (28.06 MB) to C:\local\Temp\zipdeploy\extracted" date="2025-10-24T01:03:48.448" >
      <step title="Extracting 546 entries to C:\local\Temp\zipdeploy\extracted directory" date="2025-10-24T01:03:48.464" >
        <step title="Extracting to C:\local\Temp\zipdeploy\extracted\Microsoft.Extensions.Configuration.FileExtensions.dll ..." date="2025-10-24T01:03:48.479" /><!-- duration: 16ms -->
        <step title="Extracting to C:\local\Temp\zipdeploy\extracted\Microsoft.Extensions.Primitives.dll ..." date="2025-10-24T01:03:48.495" /><!-- duration: 0ms -->
        <step title="Extracting to C:\local\Temp\zipdeploy\extracted\PoFunQuiz.Server.pdb ..." date="2025-10-24T01:03:48.511" /><!-- duration: 0ms -->
        <step title="Extracting to C:\local\Temp\zipdeploy\extracted\Microsoft.AI.ServerTelemetryChannel.dll ..." date="2025-10-24T01:03:48.511" /><!-- duration: 16ms -->
        <step title="Extracting to C:\local\Temp\zipdeploy\extracted\Microsoft.Extensions.DependencyInjection.dll ..." date="2025-10-24T01:03:48.526" /><!-- duration: 16ms -->
        <step title="Omitting extracting file traces ..." date="2025-10-24T01:03:48.542" /><!-- duration: 0ms -->
      </step><!-- duration: 1109ms -->
    </step><!-- duration: 1141ms -->
    <step title="Before sending BuildRequestReceived status to /api/updatedeploystatus" date="2025-10-24T01:03:49.589" /><!-- duration: 0ms -->
    <step title="DeploymentManager.Deploy(id:0059993733314e1eaf96468950d25203)" date="2025-10-24T01:03:49.604" >
      <step title="Collecting changeset information" date="2025-10-24T01:03:49.620" /><!-- duration: 31ms -->
      <step title="Updating submodules" date="2025-10-24T01:03:49.667" >
        <step title="Updating submodules." date="2025-10-24T01:03:49.698" /><!-- duration: 16ms -->
      </step><!-- duration: 47ms -->
      <step title="Preparing deployment for commit id &apos;0059993733&apos;." date="2025-10-24T01:03:49.761" /><!-- duration: 0ms -->
      <step title="Determining deployment builder" date="2025-10-24T01:03:49.807" >
        <step title="Builder is BasicBuilder" date="2025-10-24T01:03:49.823" /><!-- duration: 0ms -->
      </step><!-- duration: 16ms -->
      <step title="Copying SSH keys" date="2025-10-24T01:03:49.854" /><!-- duration: 0ms -->
      <step title="Building" date="2025-10-24T01:03:49.854" >
        <step title="Generating deployment script." date="2025-10-24T01:03:49.901" /><!-- duration: 0ms -->
        <step title="Generating deployment script" date="2025-10-24T01:03:49.901" >
          <step title="Using cached version of the deployment script for command: -y --no-dot-deployment -r &quot;C:\local\Temp\zipdeploy\extracted&quot; -o &quot;C:\home\site\deployments\tools&quot; --basic --sitePath &quot;C:\local\Temp\zipdeploy\extracted&quot;" date="2025-10-24T01:03:49.948" /><!-- duration: 16ms -->
          <step title="Using cached version of deployment script (command: &apos;azure -y --no-dot-deployment -r &quot;C:\local\Temp\zipdeploy\extracted&quot; -o &quot;C:\home\site\deployments\tools&quot; --basic --sitePath &quot;C:\local\Temp\zipdeploy\extracted&quot;&apos;)." date="2025-10-24T01:03:49.964" /><!-- duration: 31ms -->
        </step><!-- duration: 109ms -->
        <step title="Running deployment command..." date="2025-10-24T01:03:50.042" /><!-- duration: 0ms -->
        <step title="Command: &quot;C:\home\site\deployments\tools\deploy.cmd&quot;" date="2025-10-24T01:03:50.073" /><!-- duration: 0ms -->
        <step title="Executing external process" date="2025-10-24T01:03:50.089" type="process" path="starter.cmd" arguments="&quot;C:\home\site\deployments\tools\deploy.cmd&quot;" >
          <step title="Handling Basic Web Site deployment." date="2025-10-24T01:03:50.276" /><!-- duration: 0ms -->
          <step title="Creating app_offline.htm" date="2025-10-24T01:03:50.683" /><!-- duration: 0ms -->
          <step title="KuduSync.NET from: &apos;C:\local\Temp\zipdeploy\extracted&apos; to: &apos;C:\home\site\wwwroot&apos;" date="2025-10-24T01:03:50.698" /><!-- duration: 0ms -->
          <step title="Copying file: &apos;appsettings.json&apos;" date="2025-10-24T01:03:50.698" /><!-- duration: 16ms -->
          <step title="Copying file: &apos;PoFunQuiz.Client.dll&apos;" date="2025-10-24T01:03:50.714" /><!-- duration: 0ms -->
          <step title="Copying file: &apos;PoFunQuiz.Core.dll&apos;" date="2025-10-24T01:03:50.729" /><!-- duration: 0ms -->
          <step title="Copying file: &apos;PoFunQuiz.Infrastructure.dll&apos;" date="2025-10-24T01:03:50.729" /><!-- duration: 16ms -->
          <step title="Copying file: &apos;PoFunQuiz.Infrastructure.pdb&apos;" date="2025-10-24T01:03:50.761" /><!-- duration: 16ms -->
          <step title="Copying file: &apos;PoFunQuiz.Server&apos;" date="2025-10-24T01:03:50.776" /><!-- duration: 0ms -->
          <step title="Copying file: &apos;PoFunQuiz.Server.deps.json&apos;" date="2025-10-24T01:03:50.792" /><!-- duration: 0ms -->
          <step title="Copying file: &apos;PoFunQuiz.Server.dll&apos;" date="2025-10-24T01:03:50.808" /><!-- duration: 0ms -->
          <step title="Copying file: &apos;PoFunQuiz.Server.pdb&apos;" date="2025-10-24T01:03:50.823" /><!-- duration: 0ms -->
          <step title="Copying file: &apos;PoFunQuiz.Server.runtimeconfig.json&apos;" date="2025-10-24T01:03:50.823" /><!-- duration: 16ms -->
          <step title="Copying file: &apos;PoFunQuiz.Server.staticwebassets.endpoints.json&apos;" date="2025-10-24T01:03:50.839" /><!-- duration: 0ms -->
          <step title="Copying file: &apos;wwwroot\app.css&apos;" date="2025-10-24T01:03:50.854" /><!-- duration: 0ms -->
          <step title="Copying file: &apos;wwwroot\app.css.br&apos;" date="2025-10-24T01:03:50.870" /><!-- duration: 0ms -->
          <step title="Copying file: &apos;wwwroot\app.css.gz&apos;" date="2025-10-24T01:03:50.886" /><!-- duration: 0ms -->
          <step title="Copying file: &apos;wwwroot\favicon.png&apos;" date="2025-10-24T01:03:50.901" /><!-- duration: 0ms -->
          <step title="Copying file: &apos;wwwroot\icon-192.png&apos;" date="2025-10-24T01:03:50.917" /><!-- duration: 0ms -->
          <step title="Copying file: &apos;wwwroot\index.html&apos;" date="2025-10-24T01:03:50.917" /><!-- duration: 0ms -->
          <step title="Copying file: &apos;wwwroot\index.html.br&apos;" date="2025-10-24T01:03:50.933" /><!-- duration: 0ms -->
          <step title="Copying file: &apos;wwwroot\index.html.gz&apos;" date="2025-10-24T01:03:50.948" /><!-- duration: 0ms -->
          <step title="Copying file: &apos;wwwroot\PoFunQuiz.Client.styles.css&apos;" date="2025-10-24T01:03:50.948" /><!-- duration: 16ms -->
          <step title="Copying file: &apos;wwwroot\PoFunQuiz.Client.styles.css.br&apos;" date="2025-10-24T01:03:50.964" /><!-- duration: 16ms -->
          <step title="Copying file: &apos;wwwroot\PoFunQuiz.Client.styles.css.gz&apos;" date="2025-10-24T01:03:50.995" /><!-- duration: 0ms -->
          <step title="Copying file: &apos;wwwroot\css\app.css&apos;" date="2025-10-24T01:03:50.995" /><!-- duration: 16ms -->
          <step title="Copying file: &apos;wwwroot\css\app.css.br&apos;" date="2025-10-24T01:03:51.011" /><!-- duration: 0ms -->
          <step title="Copying file: &apos;wwwroot\css\app.css.gz&apos;" date="2025-10-24T01:03:51.026" /><!-- duration: 0ms -->
          <step title="Copying file: &apos;wwwroot\css\bottom-nav.css&apos;" date="2025-10-24T01:03:51.042" /><!-- duration: 0ms -->
          <step title="Copying file: &apos;wwwroot\css\bottom-nav.css.br&apos;" date="2025-10-24T01:03:51.042" /><!-- duration: 16ms -->
          <step title="Copying file: &apos;wwwroot\css\bottom-nav.css.gz&apos;" date="2025-10-24T01:03:51.058" /><!-- duration: 0ms -->
          <step title="Copying file: &apos;wwwroot\css\gameboard-mobile.css&apos;" date="2025-10-24T01:03:51.073" /><!-- duration: 0ms -->
          <step title="Copying file: &apos;wwwroot\css\gameboard-mobile.css.br&apos;" date="2025-10-24T01:03:51.089" /><!-- duration: 0ms -->
          <step title="Copying file: &apos;wwwroot\css\gameboard-mobile.css.gz&apos;" date="2025-10-24T01:03:51.104" /><!-- duration: 0ms -->
          <step title="Copying file: &apos;wwwroot\css\mobile-ux.css&apos;" date="2025-10-24T01:03:51.120" /><!-- duration: 0ms -->
          <step title="Copying file: &apos;wwwroot\css\mobile-ux.css.br&apos;" date="2025-10-24T01:03:51.120" /><!-- duration: 16ms -->
          <step title="Copying file: &apos;wwwroot\css\mobile-ux.css.gz&apos;" date="2025-10-24T01:03:51.136" /><!-- duration: 16ms -->
          <step title="Copying file: &apos;wwwroot\images\icon-192.png&apos;" date="2025-10-24T01:03:51.151" /><!-- duration: 0ms -->
          <step title="Copying file: &apos;wwwroot\images\icon-512.png&apos;" date="2025-10-24T01:03:51.167" /><!-- duration: 0ms -->
          <step title="Copying file: &apos;wwwroot\images\icon-maskable-192.png&apos;" date="2025-10-24T01:03:51.183" /><!-- duration: 0ms -->
          <step title="Copying file: &apos;wwwroot\images\icon-maskable-512.png&apos;" date="2025-10-24T01:03:51.183" /><!-- duration: 15ms -->
          <step title="Copying file: &apos;wwwroot\images\placeholder-icons.html&apos;" date="2025-10-24T01:03:51.214" /><!-- duration: 0ms -->
          <step title="Copying file: &apos;wwwroot\images\placeholder-icons.html.br&apos;" date="2025-10-24T01:03:51.214" /><!-- duration: 16ms -->
          <step title="Copying file: &apos;wwwroot\images\placeholder-icons.html.gz&apos;" date="2025-10-24T01:03:51.229" /><!-- duration: 0ms -->
          <step title="Copying file: &apos;wwwroot\images\README.md&apos;" date="2025-10-24T01:03:51.245" /><!-- duration: 0ms -->
          <step title="Copying file: &apos;wwwroot\images\README.md.br&apos;" date="2025-10-24T01:03:51.261" /><!-- duration: 0ms -->
          <step title="Copying file: &apos;wwwroot\images\README.md.gz&apos;" date="2025-10-24T01:03:51.276" /><!-- duration: 0ms -->
          <step title="Copying file: &apos;wwwroot\js\app.js&apos;" date="2025-10-24T01:03:51.292" /><!-- duration: 0ms -->
          <step title="Copying file: &apos;wwwroot\js\app.js.br&apos;" date="2025-10-24T01:03:51.292" /><!-- duration: 17ms -->
          <step title="Copying file: &apos;wwwroot\js\app.js.gz&apos;" date="2025-10-24T01:03:51.323" /><!-- duration: 0ms -->
          <step title="Copying file: &apos;wwwroot\js\gameboard.js&apos;" date="2025-10-24T01:03:51.323" /><!-- duration: 16ms -->
          <step title="Omitting next output lines..." date="2025-10-24T01:03:51.339" /><!-- duration: 16ms -->
          <step title="Finished successfully." date="2025-10-24T01:03:54.167" /><!-- duration: 0ms -->
        </step><!-- duration: 4094ms -->
        <step title="Running post deployment command(s)..." date="2025-10-24T01:03:54.214" /><!-- duration: 16ms -->
        <step title="Triggering recycle (preview mode disabled)." date="2025-10-24T01:03:54.277" /><!-- duration: 16ms -->
        <step title="Ignoring FS watcher based recycle request as this is a classic Windows app." date="2025-10-24T01:03:54.292" /><!-- duration: 0ms -->
        <step title="Deployment successful. DEPLOYMENTINFO: deploymentPath = ZipDeploy. Extract zip. , deployer = ZipDeploy, os = windows, sku = Free, siteName = PoFunQuiz, siteHostName = pofunquiz.azurewebsites.net, deploymentStatus = Success" date="2025-10-24T01:03:54.339" /><!-- duration: 16ms -->
      </step><!-- duration: 4595ms -->
    </step><!-- duration: 4860ms -->
    <step title="Cleaning up temp files" date="2025-10-24T01:03:54.465" /><!-- duration: 0ms -->
    <step title="Skip function trigger and logicapp sync because function is not enabled." date="2025-10-24T01:03:54.480" /><!-- duration: 0ms -->
  </step><!-- duration: 6220ms -->
  <step title="LockFile &apos;C:\home\site\locks\deployments.lock&apos; released" date="2025-10-24T01:03:54.527" /><!-- duration: 0ms -->
  <step title="Deleting shutdown sentinel file" date="2025-10-24T01:03:54.543" SemaphoreCount="8" /><!-- duration: 0ms -->
</step><!-- duration: 6361ms -->
