<step title="BackgroundTrace" date="2025-10-23T11:44:34.457" instance="c01540" url="/api/zipdeploy" method="POST" >
  <step title="Updating shutdown sentinel last write time" date="2025-10-23T11:44:34.488" SemaphoreCount="7" /><!-- duration: 0ms -->
  <step title="LockFile &apos;C:\home\site\locks\deployments.lock&apos; acquired" date="2025-10-23T11:44:34.488" /><!-- duration: 16ms -->
  <step title="Creating temporary deployment" date="2025-10-23T11:44:34.503" /><!-- duration: 47ms -->
  <step title="Performing fetch based deployment" date="2025-10-23T11:44:34.566" >
    <step title="Fetching changes." date="2025-10-23T11:44:34.629" /><!-- duration: 16ms -->
    <step title="Starting LocalZipHandler" date="2025-10-23T11:44:34.660" /><!-- duration: 0ms -->
    <step title="Cleaning up temp folders from previous zip deployments and extracting pushed zip file C:\local\Temp\zipdeploy\x31pi2jn.zip (22.99 MB) to C:\local\Temp\zipdeploy\extracted" date="2025-10-23T11:44:34.691" /><!-- duration: 0ms -->
    <step title="Cleaning up temp folders from previous zip deployments and extracting pushed zip file C:\local\Temp\zipdeploy\x31pi2jn.zip (22.99 MB) to C:\local\Temp\zipdeploy\extracted" date="2025-10-23T11:44:34.707" >
      <step title="Extracting 444 entries to C:\local\Temp\zipdeploy\extracted directory" date="2025-10-23T11:44:34.722" >
        <step title="Extracting to C:\local\Temp\zipdeploy\extracted\Microsoft.Extensions.Configuration.FileExtensions.dll ..." date="2025-10-23T11:44:34.722" /><!-- duration: 16ms -->
        <step title="Extracting to C:\local\Temp\zipdeploy\extracted\Microsoft.Extensions.Primitives.dll ..." date="2025-10-23T11:44:34.754" /><!-- duration: 0ms -->
        <step title="Extracting to C:\local\Temp\zipdeploy\extracted\PoFunQuiz.Server.pdb ..." date="2025-10-23T11:44:34.754" /><!-- duration: 16ms -->
        <step title="Extracting to C:\local\Temp\zipdeploy\extracted\Microsoft.AI.ServerTelemetryChannel.dll ..." date="2025-10-23T11:44:34.769" /><!-- duration: 0ms -->
        <step title="Extracting to C:\local\Temp\zipdeploy\extracted\Microsoft.Extensions.DependencyInjection.dll ..." date="2025-10-23T11:44:34.769" /><!-- duration: 16ms -->
        <step title="Omitting extracting file traces ..." date="2025-10-23T11:44:34.785" /><!-- duration: 16ms -->
      </step><!-- duration: 953ms -->
    </step><!-- duration: 969ms -->
    <step title="Before sending BuildRequestReceived status to /api/updatedeploystatus" date="2025-10-23T11:44:35.675" /><!-- duration: 16ms -->
    <step title="DeploymentManager.Deploy(id:dcb51b3004cb4fe595697d0c3854c4dd)" date="2025-10-23T11:44:35.691" >
      <step title="Collecting changeset information" date="2025-10-23T11:44:35.707" /><!-- duration: 31ms -->
      <step title="Updating submodules" date="2025-10-23T11:44:35.738" >
        <step title="Updating submodules." date="2025-10-23T11:44:35.785" /><!-- duration: 0ms -->
      </step><!-- duration: 47ms -->
      <step title="Preparing deployment for commit id &apos;dcb51b3004&apos;." date="2025-10-23T11:44:35.832" /><!-- duration: 0ms -->
      <step title="Determining deployment builder" date="2025-10-23T11:44:35.863" >
        <step title="Builder is BasicBuilder" date="2025-10-23T11:44:35.879" /><!-- duration: 0ms -->
      </step><!-- duration: 16ms -->
      <step title="Copying SSH keys" date="2025-10-23T11:44:35.910" /><!-- duration: 0ms -->
      <step title="Building" date="2025-10-23T11:44:35.910" >
        <step title="Generating deployment script." date="2025-10-23T11:44:35.941" /><!-- duration: 16ms -->
        <step title="Generating deployment script" date="2025-10-23T11:44:35.957" >
          <step title="Using cached version of the deployment script for command: -y --no-dot-deployment -r &quot;C:\local\Temp\zipdeploy\extracted&quot; -o &quot;C:\home\site\deployments\tools&quot; --basic --sitePath &quot;C:\local\Temp\zipdeploy\extracted&quot;" date="2025-10-23T11:44:36.004" /><!-- duration: 0ms -->
          <step title="Using cached version of deployment script (command: &apos;azure -y --no-dot-deployment -r &quot;C:\local\Temp\zipdeploy\extracted&quot; -o &quot;C:\home\site\deployments\tools&quot; --basic --sitePath &quot;C:\local\Temp\zipdeploy\extracted&quot;&apos;)." date="2025-10-23T11:44:36.019" /><!-- duration: 16ms -->
        </step><!-- duration: 78ms -->
        <step title="Running deployment command..." date="2025-10-23T11:44:36.066" /><!-- duration: 0ms -->
        <step title="Command: &quot;C:\home\site\deployments\tools\deploy.cmd&quot;" date="2025-10-23T11:44:36.082" /><!-- duration: 16ms -->
        <step title="Executing external process" date="2025-10-23T11:44:36.097" type="process" path="starter.cmd" arguments="&quot;C:\home\site\deployments\tools\deploy.cmd&quot;" >
          <step title="Handling Basic Web Site deployment." date="2025-10-23T11:44:36.269" /><!-- duration: 0ms -->
          <step title="Creating app_offline.htm" date="2025-10-23T11:44:36.644" /><!-- duration: 0ms -->
          <step title="KuduSync.NET from: &apos;C:\local\Temp\zipdeploy\extracted&apos; to: &apos;C:\home\site\wwwroot&apos;" date="2025-10-23T11:44:36.660" /><!-- duration: 0ms -->
          <step title="Copying file: &apos;appsettings.json&apos;" date="2025-10-23T11:44:36.675" /><!-- duration: 0ms -->
          <step title="Copying file: &apos;PoFunQuiz.Client.dll&apos;" date="2025-10-23T11:44:36.675" /><!-- duration: 16ms -->
          <step title="Copying file: &apos;PoFunQuiz.Core.dll&apos;" date="2025-10-23T11:44:36.691" /><!-- duration: 0ms -->
          <step title="Copying file: &apos;PoFunQuiz.Infrastructure.dll&apos;" date="2025-10-23T11:44:36.707" /><!-- duration: 0ms -->
          <step title="Copying file: &apos;PoFunQuiz.Infrastructure.pdb&apos;" date="2025-10-23T11:44:36.707" /><!-- duration: 16ms -->
          <step title="Copying file: &apos;PoFunQuiz.Server&apos;" date="2025-10-23T11:44:36.722" /><!-- duration: 0ms -->
          <step title="Copying file: &apos;PoFunQuiz.Server.deps.json&apos;" date="2025-10-23T11:44:36.738" /><!-- duration: 0ms -->
          <step title="Copying file: &apos;PoFunQuiz.Server.dll&apos;" date="2025-10-23T11:44:36.738" /><!-- duration: 0ms -->
          <step title="Copying file: &apos;PoFunQuiz.Server.pdb&apos;" date="2025-10-23T11:44:36.754" /><!-- duration: 0ms -->
          <step title="Copying file: &apos;PoFunQuiz.Server.runtimeconfig.json&apos;" date="2025-10-23T11:44:36.754" /><!-- duration: 15ms -->
          <step title="Copying file: &apos;PoFunQuiz.Server.staticwebassets.endpoints.json&apos;" date="2025-10-23T11:44:36.769" /><!-- duration: 0ms -->
          <step title="Deleting file: &apos;wwwroot\manifest.webmanifest&apos;" date="2025-10-23T11:44:36.785" /><!-- duration: 0ms -->
          <step title="Deleting file: &apos;wwwroot\manifest.webmanifest.br&apos;" date="2025-10-23T11:44:36.800" /><!-- duration: 0ms -->
          <step title="Deleting file: &apos;wwwroot\manifest.webmanifest.gz&apos;" date="2025-10-23T11:44:36.800" /><!-- duration: 16ms -->
          <step title="Deleting file: &apos;wwwroot\offline.html&apos;" date="2025-10-23T11:44:36.816" /><!-- duration: 0ms -->
          <step title="Deleting file: &apos;wwwroot\offline.html.br&apos;" date="2025-10-23T11:44:36.832" /><!-- duration: 0ms -->
          <step title="Deleting file: &apos;wwwroot\offline.html.gz&apos;" date="2025-10-23T11:44:36.832" /><!-- duration: 16ms -->
          <step title="Deleting file: &apos;wwwroot\service-worker.js&apos;" date="2025-10-23T11:44:36.847" /><!-- duration: 0ms -->
          <step title="Deleting file: &apos;wwwroot\service-worker.js.br&apos;" date="2025-10-23T11:44:36.863" /><!-- duration: 0ms -->
          <step title="Deleting file: &apos;wwwroot\service-worker.js.gz&apos;" date="2025-10-23T11:44:36.863" /><!-- duration: 16ms -->
          <step title="Copying file: &apos;wwwroot\app.css&apos;" date="2025-10-23T11:44:36.879" /><!-- duration: 16ms -->
          <step title="Copying file: &apos;wwwroot\app.css.br&apos;" date="2025-10-23T11:44:36.894" /><!-- duration: 0ms -->
          <step title="Copying file: &apos;wwwroot\app.css.gz&apos;" date="2025-10-23T11:44:36.910" /><!-- duration: 0ms -->
          <step title="Copying file: &apos;wwwroot\favicon.png&apos;" date="2025-10-23T11:44:36.925" /><!-- duration: 0ms -->
          <step title="Copying file: &apos;wwwroot\icon-192.png&apos;" date="2025-10-23T11:44:36.925" /><!-- duration: 0ms -->
          <step title="Copying file: &apos;wwwroot\index.html&apos;" date="2025-10-23T11:44:36.941" /><!-- duration: 0ms -->
          <step title="Copying file: &apos;wwwroot\index.html.br&apos;" date="2025-10-23T11:44:36.941" /><!-- duration: 0ms -->
          <step title="Copying file: &apos;wwwroot\index.html.gz&apos;" date="2025-10-23T11:44:36.957" /><!-- duration: 0ms -->
          <step title="Copying file: &apos;wwwroot\PoFunQuiz.Client.styles.css&apos;" date="2025-10-23T11:44:36.973" /><!-- duration: 0ms -->
          <step title="Copying file: &apos;wwwroot\PoFunQuiz.Client.styles.css.br&apos;" date="2025-10-23T11:44:36.973" /><!-- duration: 0ms -->
          <step title="Copying file: &apos;wwwroot\PoFunQuiz.Client.styles.css.gz&apos;" date="2025-10-23T11:44:36.989" /><!-- duration: 0ms -->
          <step title="Copying file: &apos;wwwroot\css\app.css&apos;" date="2025-10-23T11:44:37.004" /><!-- duration: 0ms -->
          <step title="Copying file: &apos;wwwroot\css\app.css.br&apos;" date="2025-10-23T11:44:37.004" /><!-- duration: 0ms -->
          <step title="Copying file: &apos;wwwroot\css\app.css.gz&apos;" date="2025-10-23T11:44:37.020" /><!-- duration: 0ms -->
          <step title="Copying file: &apos;wwwroot\css\gameboard-mobile.css&apos;" date="2025-10-23T11:44:37.020" /><!-- duration: 16ms -->
          <step title="Copying file: &apos;wwwroot\css\gameboard-mobile.css.br&apos;" date="2025-10-23T11:44:37.035" /><!-- duration: 0ms -->
          <step title="Copying file: &apos;wwwroot\css\gameboard-mobile.css.gz&apos;" date="2025-10-23T11:44:37.052" /><!-- duration: 0ms -->
          <step title="Copying file: &apos;wwwroot\images\icon-192.png&apos;" date="2025-10-23T11:44:37.052" /><!-- duration: 16ms -->
          <step title="Copying file: &apos;wwwroot\images\icon-512.png&apos;" date="2025-10-23T11:44:37.067" /><!-- duration: 0ms -->
          <step title="Copying file: &apos;wwwroot\images\icon-maskable-192.png&apos;" date="2025-10-23T11:44:37.084" /><!-- duration: 0ms -->
          <step title="Copying file: &apos;wwwroot\images\icon-maskable-512.png&apos;" date="2025-10-23T11:44:37.084" /><!-- duration: 15ms -->
          <step title="Copying file: &apos;wwwroot\images\placeholder-icons.html&apos;" date="2025-10-23T11:44:37.098" /><!-- duration: 0ms -->
          <step title="Copying file: &apos;wwwroot\images\placeholder-icons.html.br&apos;" date="2025-10-23T11:44:37.114" /><!-- duration: 0ms -->
          <step title="Copying file: &apos;wwwroot\images\placeholder-icons.html.gz&apos;" date="2025-10-23T11:44:37.130" /><!-- duration: 0ms -->
          <step title="Copying file: &apos;wwwroot\images\README.md&apos;" date="2025-10-23T11:44:37.130" /><!-- duration: 16ms -->
          <step title="Copying file: &apos;wwwroot\images\README.md.br&apos;" date="2025-10-23T11:44:37.145" /><!-- duration: 0ms -->
          <step title="Copying file: &apos;wwwroot\images\README.md.gz&apos;" date="2025-10-23T11:44:37.161" /><!-- duration: 0ms -->
          <step title="Deleting file: &apos;wwwroot\js\pwa.js&apos;" date="2025-10-23T11:44:37.161" /><!-- duration: 16ms -->
          <step title="Omitting next output lines..." date="2025-10-23T11:44:37.177" /><!-- duration: 16ms -->
          <step title="Finished successfully." date="2025-10-23T11:44:39.005" /><!-- duration: 16ms -->
        </step><!-- duration: 2923ms -->
        <step title="Running post deployment command(s)..." date="2025-10-23T11:44:39.067" /><!-- duration: 16ms -->
        <step title="Triggering recycle (preview mode disabled)." date="2025-10-23T11:44:39.114" /><!-- duration: 16ms -->
        <step title="Ignoring FS watcher based recycle request as this is a classic Windows app." date="2025-10-23T11:44:39.130" /><!-- duration: 0ms -->
        <step title="Deployment successful. DEPLOYMENTINFO: deploymentPath = ZipDeploy. Extract zip. , deployer = ZipDeploy, os = windows, sku = Free, siteName = PoFunQuiz, siteHostName = pofunquiz.azurewebsites.net, deploymentStatus = Success" date="2025-10-23T11:44:39.192" /><!-- duration: 0ms -->
      </step><!-- duration: 3908ms -->
    </step><!-- duration: 4142ms -->
    <step title="Cleaning up temp files" date="2025-10-23T11:44:39.833" /><!-- duration: 16ms -->
    <step title="Skip function trigger and logicapp sync because function is not enabled." date="2025-10-23T11:44:39.849" /><!-- duration: 0ms -->
  </step><!-- duration: 5329ms -->
  <step title="LockFile &apos;C:\home\site\locks\deployments.lock&apos; released" date="2025-10-23T11:44:39.911" /><!-- duration: 0ms -->
  <step title="Deleting shutdown sentinel file" date="2025-10-23T11:44:39.911" SemaphoreCount="8" /><!-- duration: 0ms -->
</step><!-- duration: 5470ms -->
