<step title="Incoming Request" date="2025-10-22T22:34:49.181" instance="c01540" url="/api/zipdeploy?isAsync=true" method="POST" type="request" pid="8476,2,7" Cache-Control="no-cache" Connection="Keep-Alive" Content-Length="24132869" Content-Type="application/octet-stream" Accept="*/*" Accept-Encoding="gzip, deflate" Authorization="Bea..." Host="pofunquiz.scm.azurewebsites.net" User-Agent="AZURECLI/2.77.0 (DEB)" x-ms-client-request-id="4d57516c-af97-11f0-a35e-0022481c26f3" X-ARR-LOG-ID="4d57516c-af97-11f0-a35e-0022481c26f3" CLIENT-IP="172.171.254.146:51208" X-SITE-DEPLOYMENT-ID="PoFunQuiz" WAS-DEFAULT-HOSTNAME="pofunquiz.scm.azurewebsites.net" X-Forwarded-Proto="https" X-AppService-Proto="https" X-Forwarded-TlsVersion="1.3" X-WAWS-Unencoded-URL="/api/zipdeploy?isAsync=true" X-MS-COLDSTART="1" >
  <step title="ZipPushDeploy" date="2025-10-22T22:34:49.790" >
    <step title="ZipDeploy. Extract zip. " date="2025-10-22T22:34:49.806" /><!-- duration: 0ms -->
    <step title="Starting PushDeployAsync" date="2025-10-22T22:34:49.822" /><!-- duration: 16ms -->
    <step title="Updating shutdown sentinel last write time" date="2025-10-22T22:34:49.884" SemaphoreCount="7" /><!-- duration: 0ms -->
    <step title="LockFile &apos;C:\home\site\locks\deployments.lock&apos; acquired" date="2025-10-22T22:34:49.900" /><!-- duration: 0ms -->
    <step title="Saving request content to C:\local\Temp\zipdeploy\sdgg4jrx.zip" date="2025-10-22T22:34:49.915" >
      <step title="Total 24,132,869 bytes written to C:\local\Temp\zipdeploy\sdgg4jrx.zip" date="2025-10-22T22:34:52.744" /><!-- duration: 0ms -->
    </step><!-- duration: 2829ms -->
    <step title="LockFile &apos;C:\home\site\locks\deployments.lock&apos; released" date="2025-10-22T22:34:52.760" /><!-- duration: 0ms -->
    <step title="Deleting shutdown sentinel file" date="2025-10-22T22:34:52.777" SemaphoreCount="8" /><!-- duration: 0ms -->
    <step title="Starting FetchDeploy" date="2025-10-22T22:34:52.791" /><!-- duration: 0ms -->
    <step title="Start deployment in the background" date="2025-10-22T22:34:52.791" /><!-- duration: 109ms -->
  </step><!-- duration: 3110ms -->
  <step title="Outgoing response" date="2025-10-22T22:34:52.948" type="response" statusCode="202" statusText="Accepted" Server="Microsoft-IIS/10.0" x-ms-request-id="4d57516c-af97-11f0-a35e-0022481c26f3" Retry-After="30" Cache-Control="private" X-AspNet-Version="4.0.30319" Location="https://pofunquiz.scm.azurewebsites.net/api/deployments/latest?deployer=ZipDeploy&amp;time=2025-10-22_22-34-52Z" /><!-- duration: 0ms -->
</step><!-- duration: 3767ms -->
