<step title="Incoming Request" date="2025-10-23T11:44:33.175" instance="c01540" url="/api/zipdeploy?isAsync=true" method="POST" type="request" pid="8656,2,8" Cache-Control="no-cache" Connection="Keep-Alive" Content-Length="24109866" Content-Type="application/octet-stream" Accept="*/*" Accept-Encoding="gzip, deflate" Authorization="Bea..." Host="pofunquiz.scm.azurewebsites.net" User-Agent="AZURECLI/2.77.0 (DEB)" x-ms-client-request-id="9d0184b2-b005-11f0-a35e-000d3a58fb7d" X-ARR-LOG-ID="9d0184b2-b005-11f0-a35e-000d3a58fb7d" CLIENT-IP="172.184.174.149:47168" X-SITE-DEPLOYMENT-ID="PoFunQuiz" WAS-DEFAULT-HOSTNAME="pofunquiz.scm.azurewebsites.net" X-Forwarded-Proto="https" X-AppService-Proto="https" X-Forwarded-TlsVersion="1.3" X-WAWS-Unencoded-URL="/api/zipdeploy?isAsync=true" X-MS-COLDSTART="1" >
  <step title="ZipPushDeploy" date="2025-10-23T11:44:33.769" >
    <step title="ZipDeploy. Extract zip. " date="2025-10-23T11:44:33.800" /><!-- duration: 0ms -->
    <step title="Starting PushDeployAsync" date="2025-10-23T11:44:33.816" /><!-- duration: 0ms -->
    <step title="Updating shutdown sentinel last write time" date="2025-10-23T11:44:33.863" SemaphoreCount="7" /><!-- duration: 16ms -->
    <step title="LockFile &apos;C:\home\site\locks\deployments.lock&apos; acquired" date="2025-10-23T11:44:33.878" /><!-- duration: 16ms -->
    <step title="Saving request content to C:\local\Temp\zipdeploy\x31pi2jn.zip" date="2025-10-23T11:44:33.894" >
      <step title="Total 24,109,866 bytes written to C:\local\Temp\zipdeploy\x31pi2jn.zip" date="2025-10-23T11:44:34.394" /><!-- duration: 0ms -->
    </step><!-- duration: 500ms -->
    <step title="LockFile &apos;C:\home\site\locks\deployments.lock&apos; released" date="2025-10-23T11:44:34.410" /><!-- duration: 0ms -->
    <step title="Deleting shutdown sentinel file" date="2025-10-23T11:44:34.410" SemaphoreCount="8" /><!-- duration: 16ms -->
    <step title="Starting FetchDeploy" date="2025-10-23T11:44:34.441" /><!-- duration: 0ms -->
    <step title="Start deployment in the background" date="2025-10-23T11:44:34.441" /><!-- duration: 109ms -->
  </step><!-- duration: 797ms -->
  <step title="Outgoing response" date="2025-10-23T11:44:34.613" type="response" statusCode="202" statusText="Accepted" Server="Microsoft-IIS/10.0" x-ms-request-id="9d0184b2-b005-11f0-a35e-000d3a58fb7d" Retry-After="30" Cache-Control="private" X-AspNet-Version="4.0.30319" Location="https://pofunquiz.scm.azurewebsites.net/api/deployments/latest?deployer=ZipDeploy&amp;time=2025-10-23_11-44-34Z" /><!-- duration: 0ms -->
</step><!-- duration: 1438ms -->
