<step title="Incoming Request" date="2025-10-22T20:16:35.500" instance="c01540" url="/api/zipdeploy?isAsync=true" method="POST" type="request" pid="9912,2,8" Cache-Control="no-cache" Content-Length="24132857" Content-Type="application/octet-stream" Accept="*/*" Accept-Encoding="gzip, deflate" Authorization="Bea..." Host="pofunquiz.scm.azurewebsites.net" User-Agent="AZURECLI/2.77.0 (DEB)" x-ms-client-request-id="fe965afe-af83-11f0-a35e-7ced8d8349ab" X-ARR-LOG-ID="fe965afe-af83-11f0-a35e-7ced8d8349ab" CLIENT-IP="128.24.160.232:55296" X-SITE-DEPLOYMENT-ID="PoFunQuiz" WAS-DEFAULT-HOSTNAME="pofunquiz.scm.azurewebsites.net" X-Forwarded-Proto="https" X-AppService-Proto="https" X-Forwarded-TlsVersion="1.3" X-WAWS-Unencoded-URL="/api/zipdeploy?isAsync=true" >
  <step title="ZipPushDeploy" date="2025-10-22T20:16:35.797" >
    <step title="ZipDeploy. Extract zip. " date="2025-10-22T20:16:35.813" /><!-- duration: 16ms -->
    <step title="Starting PushDeployAsync" date="2025-10-22T20:16:35.828" /><!-- duration: 16ms -->
    <step title="Updating shutdown sentinel last write time" date="2025-10-22T20:16:35.891" SemaphoreCount="7" /><!-- duration: 0ms -->
    <step title="LockFile &apos;C:\home\site\locks\deployments.lock&apos; acquired" date="2025-10-22T20:16:35.907" /><!-- duration: 0ms -->
    <step title="Saving request content to C:\local\Temp\zipdeploy\3vjjecil.zip" date="2025-10-22T20:16:35.907" >
      <step title="Total 24,132,857 bytes written to C:\local\Temp\zipdeploy\3vjjecil.zip" date="2025-10-22T20:16:36.344" /><!-- duration: 0ms -->
    </step><!-- duration: 453ms -->
    <step title="LockFile &apos;C:\home\site\locks\deployments.lock&apos; released" date="2025-10-22T20:16:36.375" /><!-- duration: 0ms -->
    <step title="Deleting shutdown sentinel file" date="2025-10-22T20:16:36.375" SemaphoreCount="8" /><!-- duration: 16ms -->
    <step title="Starting FetchDeploy" date="2025-10-22T20:16:36.391" /><!-- duration: 16ms -->
    <step title="Start deployment in the background" date="2025-10-22T20:16:36.407" /><!-- duration: 94ms -->
  </step><!-- duration: 703ms -->
  <step title="Outgoing response" date="2025-10-22T20:16:36.547" type="response" statusCode="202" statusText="Accepted" Server="Microsoft-IIS/10.0" x-ms-request-id="fe965afe-af83-11f0-a35e-7ced8d8349ab" Retry-After="30" Cache-Control="private" X-AspNet-Version="4.0.30319" Location="https://pofunquiz.scm.azurewebsites.net/api/deployments/latest?deployer=ZipDeploy&amp;time=2025-10-22_20-16-36Z" /><!-- duration: 0ms -->
</step><!-- duration: 1047ms -->
