<step title="BackgroundTrace" date="2025-10-22T22:35:51.317" instance="c01540" url="/api/zipdeploy" method="POST" >
  <step title="Updating shutdown sentinel last write time" date="2025-10-22T22:35:51.317" SemaphoreCount="7" /><!-- duration: 16ms -->
  <step title="LockFile &apos;C:\home\site\locks\deployments.lock&apos; acquired" date="2025-10-22T22:35:51.333" /><!-- duration: 0ms -->
  <step title="Creating temporary deployment" date="2025-10-22T22:35:51.333" /><!-- duration: 31ms -->
  <step title="Performing fetch based deployment" date="2025-10-22T22:35:51.364" >
    <step title="Fetching changes." date="2025-10-22T22:35:51.395" /><!-- duration: 16ms -->
    <step title="Starting LocalZipHandler" date="2025-10-22T22:35:51.411" /><!-- duration: 0ms -->
    <step title="Cleaning up temp folders from previous zip deployments and extracting pushed zip file C:\local\Temp\zipdeploy\vwf4m121.zip (23.02 MB) to C:\local\Temp\zipdeploy\extracted" date="2025-10-22T22:35:51.442" /><!-- duration: 16ms -->
    <step title="Cleaning up temp folders from previous zip deployments and extracting pushed zip file C:\local\Temp\zipdeploy\vwf4m121.zip (23.02 MB) to C:\local\Temp\zipdeploy\extracted" date="2025-10-22T22:35:51.458" >
      <step title="Renaming extractTargetDirectory(C:\local\Temp\zipdeploy\extracted) to tempDirectory(C:\local\Temp\zipdeploy\a1txbzy2.2ws)" date="2025-10-22T22:35:51.458" /><!-- duration: 0ms -->
      <step title="Extracting 453 entries to C:\local\Temp\zipdeploy\extracted directory" date="2025-10-22T22:35:51.473" >
        <step title="Extracting to C:\local\Temp\zipdeploy\extracted\Microsoft.Extensions.Configuration.FileExtensions.dll ..." date="2025-10-22T22:35:51.473" /><!-- duration: 16ms -->
        <step title="Extracting to C:\local\Temp\zipdeploy\extracted\Microsoft.Extensions.Primitives.dll ..." date="2025-10-22T22:35:51.489" /><!-- duration: 0ms -->
        <step title="Extracting to C:\local\Temp\zipdeploy\extracted\PoFunQuiz.Server.pdb ..." date="2025-10-22T22:35:51.505" /><!-- duration: 0ms -->
        <step title="Extracting to C:\local\Temp\zipdeploy\extracted\Microsoft.AI.ServerTelemetryChannel.dll ..." date="2025-10-22T22:35:51.505" /><!-- duration: 16ms -->
        <step title="Extracting to C:\local\Temp\zipdeploy\extracted\Microsoft.Extensions.DependencyInjection.dll ..." date="2025-10-22T22:35:51.520" /><!-- duration: 16ms -->
        <step title="Omitting extracting file traces ..." date="2025-10-22T22:35:51.536" /><!-- duration: 0ms -->
      </step><!-- duration: 922ms -->
    </step><!-- duration: 938ms -->
    <step title="Before sending BuildRequestReceived status to /api/updatedeploystatus" date="2025-10-22T22:35:52.395" /><!-- duration: 16ms -->
    <step title="DeploymentManager.Deploy(id:f423e67cf02141c58f6640f0e7749680)" date="2025-10-22T22:35:52.411" >
      <step title="Collecting changeset information" date="2025-10-22T22:35:52.427" /><!-- duration: 31ms -->
      <step title="Updating submodules" date="2025-10-22T22:35:52.458" >
        <step title="Updating submodules." date="2025-10-22T22:35:52.505" /><!-- duration: 0ms -->
      </step><!-- duration: 47ms -->
      <step title="Preparing deployment for commit id &apos;f423e67cf0&apos;." date="2025-10-22T22:35:52.552" /><!-- duration: 0ms -->
      <step title="Determining deployment builder" date="2025-10-22T22:35:52.567" >
        <step title="Builder is BasicBuilder" date="2025-10-22T22:35:52.583" /><!-- duration: 0ms -->
      </step><!-- duration: 31ms -->
      <step title="Copying SSH keys" date="2025-10-22T22:35:52.598" /><!-- duration: 16ms -->
      <step title="Building" date="2025-10-22T22:35:52.614" >
        <step title="Generating deployment script." date="2025-10-22T22:35:52.645" /><!-- duration: 16ms -->
        <step title="Generating deployment script" date="2025-10-22T22:35:52.661" >
          <step title="Using cached version of the deployment script for command: -y --no-dot-deployment -r &quot;C:\local\Temp\zipdeploy\extracted&quot; -o &quot;C:\home\site\deployments\tools&quot; --basic --sitePath &quot;C:\local\Temp\zipdeploy\extracted&quot;" date="2025-10-22T22:35:52.661" /><!-- duration: 16ms -->
          <step title="Using cached version of deployment script (command: &apos;azure -y --no-dot-deployment -r &quot;C:\local\Temp\zipdeploy\extracted&quot; -o &quot;C:\home\site\deployments\tools&quot; --basic --sitePath &quot;C:\local\Temp\zipdeploy\extracted&quot;&apos;)." date="2025-10-22T22:35:52.677" /><!-- duration: 0ms -->
        </step><!-- duration: 31ms -->
        <step title="Running deployment command..." date="2025-10-22T22:35:52.723" /><!-- duration: 0ms -->
        <step title="Command: &quot;C:\home\site\deployments\tools\deploy.cmd&quot;" date="2025-10-22T22:35:52.739" /><!-- duration: 0ms -->
        <step title="Executing external process" date="2025-10-22T22:35:52.755" type="process" path="starter.cmd" arguments="&quot;C:\home\site\deployments\tools\deploy.cmd&quot;" >
          <step title="Handling Basic Web Site deployment." date="2025-10-22T22:35:52.942" /><!-- duration: 0ms -->
          <step title="Creating app_offline.htm" date="2025-10-22T22:35:53.223" /><!-- duration: 0ms -->
          <step title="KuduSync.NET from: &apos;C:\local\Temp\zipdeploy\extracted&apos; to: &apos;C:\home\site\wwwroot&apos;" date="2025-10-22T22:35:53.239" /><!-- duration: 0ms -->
          <step title="Copying file: &apos;appsettings.json&apos;" date="2025-10-22T22:35:53.239" /><!-- duration: 0ms -->
          <step title="Copying file: &apos;PoFunQuiz.Client.dll&apos;" date="2025-10-22T22:35:53.255" /><!-- duration: 0ms -->
          <step title="Copying file: &apos;PoFunQuiz.Core.dll&apos;" date="2025-10-22T22:35:53.270" /><!-- duration: 0ms -->
          <step title="Copying file: &apos;PoFunQuiz.Infrastructure.dll&apos;" date="2025-10-22T22:35:53.286" /><!-- duration: 0ms -->
          <step title="Copying file: &apos;PoFunQuiz.Infrastructure.pdb&apos;" date="2025-10-22T22:35:53.286" /><!-- duration: 0ms -->
          <step title="Copying file: &apos;PoFunQuiz.Server&apos;" date="2025-10-22T22:35:53.302" /><!-- duration: 0ms -->
          <step title="Copying file: &apos;PoFunQuiz.Server.deps.json&apos;" date="2025-10-22T22:35:53.333" /><!-- duration: 0ms -->
          <step title="Copying file: &apos;PoFunQuiz.Server.dll&apos;" date="2025-10-22T22:35:53.348" /><!-- duration: 0ms -->
          <step title="Copying file: &apos;PoFunQuiz.Server.pdb&apos;" date="2025-10-22T22:35:53.348" /><!-- duration: 16ms -->
          <step title="Copying file: &apos;PoFunQuiz.Server.runtimeconfig.json&apos;" date="2025-10-22T22:35:53.364" /><!-- duration: 0ms -->
          <step title="Copying file: &apos;PoFunQuiz.Server.staticwebassets.endpoints.json&apos;" date="2025-10-22T22:35:53.380" /><!-- duration: 0ms -->
          <step title="Copying file: &apos;wwwroot\app.css&apos;" date="2025-10-22T22:35:53.380" /><!-- duration: 16ms -->
          <step title="Copying file: &apos;wwwroot\app.css.br&apos;" date="2025-10-22T22:35:53.411" /><!-- duration: 0ms -->
          <step title="Copying file: &apos;wwwroot\app.css.gz&apos;" date="2025-10-22T22:35:53.427" /><!-- duration: 0ms -->
          <step title="Copying file: &apos;wwwroot\favicon.png&apos;" date="2025-10-22T22:35:53.427" /><!-- duration: 16ms -->
          <step title="Copying file: &apos;wwwroot\icon-192.png&apos;" date="2025-10-22T22:35:53.442" /><!-- duration: 0ms -->
          <step title="Copying file: &apos;wwwroot\index.html&apos;" date="2025-10-22T22:35:53.458" /><!-- duration: 0ms -->
          <step title="Copying file: &apos;wwwroot\index.html.br&apos;" date="2025-10-22T22:35:53.458" /><!-- duration: 0ms -->
          <step title="Copying file: &apos;wwwroot\index.html.gz&apos;" date="2025-10-22T22:35:53.473" /><!-- duration: 0ms -->
          <step title="Copying file: &apos;wwwroot\manifest.webmanifest&apos;" date="2025-10-22T22:35:53.489" /><!-- duration: 0ms -->
          <step title="Copying file: &apos;wwwroot\manifest.webmanifest.br&apos;" date="2025-10-22T22:35:53.489" /><!-- duration: 0ms -->
          <step title="Copying file: &apos;wwwroot\manifest.webmanifest.gz&apos;" date="2025-10-22T22:35:53.505" /><!-- duration: 0ms -->
          <step title="Copying file: &apos;wwwroot\offline.html&apos;" date="2025-10-22T22:35:53.520" /><!-- duration: 0ms -->
          <step title="Copying file: &apos;wwwroot\offline.html.br&apos;" date="2025-10-22T22:35:53.520" /><!-- duration: 16ms -->
          <step title="Copying file: &apos;wwwroot\offline.html.gz&apos;" date="2025-10-22T22:35:53.552" /><!-- duration: 0ms -->
          <step title="Copying file: &apos;wwwroot\PoFunQuiz.Client.styles.css&apos;" date="2025-10-22T22:35:53.552" /><!-- duration: 16ms -->
          <step title="Copying file: &apos;wwwroot\PoFunQuiz.Client.styles.css.br&apos;" date="2025-10-22T22:35:53.567" /><!-- duration: 0ms -->
          <step title="Copying file: &apos;wwwroot\PoFunQuiz.Client.styles.css.gz&apos;" date="2025-10-22T22:35:53.583" /><!-- duration: 0ms -->
          <step title="Copying file: &apos;wwwroot\service-worker.js&apos;" date="2025-10-22T22:35:53.598" /><!-- duration: 0ms -->
          <step title="Copying file: &apos;wwwroot\service-worker.js.br&apos;" date="2025-10-22T22:35:53.614" /><!-- duration: 0ms -->
          <step title="Copying file: &apos;wwwroot\service-worker.js.gz&apos;" date="2025-10-22T22:35:53.614" /><!-- duration: 0ms -->
          <step title="Copying file: &apos;wwwroot\css\app.css&apos;" date="2025-10-22T22:35:53.630" /><!-- duration: 0ms -->
          <step title="Copying file: &apos;wwwroot\css\app.css.br&apos;" date="2025-10-22T22:35:53.645" /><!-- duration: 0ms -->
          <step title="Copying file: &apos;wwwroot\css\app.css.gz&apos;" date="2025-10-22T22:35:53.645" /><!-- duration: 16ms -->
          <step title="Copying file: &apos;wwwroot\css\gameboard-mobile.css&apos;" date="2025-10-22T22:35:53.661" /><!-- duration: 16ms -->
          <step title="Copying file: &apos;wwwroot\css\gameboard-mobile.css.br&apos;" date="2025-10-22T22:35:53.677" /><!-- duration: 0ms -->
          <step title="Copying file: &apos;wwwroot\css\gameboard-mobile.css.gz&apos;" date="2025-10-22T22:35:53.692" /><!-- duration: 0ms -->
          <step title="Copying file: &apos;wwwroot\images\icon-192.png&apos;" date="2025-10-22T22:35:53.708" /><!-- duration: 0ms -->
          <step title="Copying file: &apos;wwwroot\images\icon-512.png&apos;" date="2025-10-22T22:35:53.708" /><!-- duration: 16ms -->
          <step title="Copying file: &apos;wwwroot\images\icon-maskable-192.png&apos;" date="2025-10-22T22:35:53.723" /><!-- duration: 0ms -->
          <step title="Copying file: &apos;wwwroot\images\icon-maskable-512.png&apos;" date="2025-10-22T22:35:53.739" /><!-- duration: 0ms -->
          <step title="Copying file: &apos;wwwroot\images\placeholder-icons.html&apos;" date="2025-10-22T22:35:53.739" /><!-- duration: 16ms -->
          <step title="Copying file: &apos;wwwroot\images\placeholder-icons.html.br&apos;" date="2025-10-22T22:35:53.755" /><!-- duration: 16ms -->
          <step title="Copying file: &apos;wwwroot\images\placeholder-icons.html.gz&apos;" date="2025-10-22T22:35:53.770" /><!-- duration: 0ms -->
          <step title="Copying file: &apos;wwwroot\images\README.md&apos;" date="2025-10-22T22:35:53.786" /><!-- duration: 0ms -->
          <step title="Copying file: &apos;wwwroot\images\README.md.br&apos;" date="2025-10-22T22:35:53.802" /><!-- duration: 0ms -->
          <step title="Copying file: &apos;wwwroot\images\README.md.gz&apos;" date="2025-10-22T22:35:53.817" /><!-- duration: 0ms -->
          <step title="Copying file: &apos;wwwroot\js\app.js&apos;" date="2025-10-22T22:35:53.817" /><!-- duration: 16ms -->
          <step title="Omitting next output lines..." date="2025-10-22T22:35:53.833" /><!-- duration: 0ms -->
          <step title="Finished successfully." date="2025-10-22T22:35:55.552" /><!-- duration: 16ms -->
        </step><!-- duration: 2813ms -->
        <step title="Running post deployment command(s)..." date="2025-10-22T22:35:55.598" /><!-- duration: 0ms -->
        <step title="Triggering recycle (preview mode disabled)." date="2025-10-22T22:35:55.645" /><!-- duration: 0ms -->
        <step title="Ignoring FS watcher based recycle request as this is a classic Windows app." date="2025-10-22T22:35:55.661" /><!-- duration: 0ms -->
        <step title="Deployment successful. DEPLOYMENTINFO: deploymentPath = ZipDeploy. Extract zip. , deployer = ZipDeploy, os = windows, sku = Free, siteName = PoFunQuiz, siteHostName = pofunquiz.azurewebsites.net, deploymentStatus = Success" date="2025-10-22T22:35:55.692" /><!-- duration: 0ms -->
      </step><!-- duration: 3141ms -->
    </step><!-- duration: 3359ms -->
    <step title="Cleaning up temp files" date="2025-10-22T22:35:55.770" /><!-- duration: 0ms -->
    <step title="Skip function trigger and logicapp sync because function is not enabled." date="2025-10-22T22:35:55.786" /><!-- duration: 0ms -->
  </step><!-- duration: 4438ms -->
  <step title="LockFile &apos;C:\home\site\locks\deployments.lock&apos; released" date="2025-10-22T22:35:55.802" /><!-- duration: 0ms -->
  <step title="Deleting shutdown sentinel file" date="2025-10-22T22:35:55.817" SemaphoreCount="8" /><!-- duration: 0ms -->
</step><!-- duration: 4500ms -->
