<step title="Incoming Request" date="2025-10-24T12:26:50.259" instance="c01540" url="/api/zipdeploy?isAsync=true" method="POST" type="request" pid="4256,2,8" Cache-Control="no-cache" Connection="Keep-Alive" Content-Length="29423234" Content-Type="application/octet-stream" Accept="*/*" Accept-Encoding="gzip, deflate" Authorization="Bea..." Host="pofunquiz.scm.azurewebsites.net" User-Agent="AZURECLI/2.77.0 (DEB)" x-ms-client-request-id="b1d0df94-b0d4-11f0-a35e-6045bd07a4d8" X-ARR-LOG-ID="b1d0df94-b0d4-11f0-a35e-6045bd07a4d8" CLIENT-IP="52.159.247.229:30720" X-SITE-DEPLOYMENT-ID="PoFunQuiz" WAS-DEFAULT-HOSTNAME="pofunquiz.scm.azurewebsites.net" X-Forwarded-Proto="https" X-AppService-Proto="https" X-Forwarded-TlsVersion="1.3" X-WAWS-Unencoded-URL="/api/zipdeploy?isAsync=true" X-MS-COLDSTART="1" >
  <step title="ZipPushDeploy" date="2025-10-24T12:26:50.853" >
    <step title="ZipDeploy. Extract zip. " date="2025-10-24T12:26:50.868" /><!-- duration: 16ms -->
    <step title="Starting PushDeployAsync" date="2025-10-24T12:26:50.884" /><!-- duration: 16ms -->
    <step title="Updating shutdown sentinel last write time" date="2025-10-24T12:26:50.946" SemaphoreCount="7" /><!-- duration: 16ms -->
    <step title="LockFile &apos;C:\home\site\locks\deployments.lock&apos; acquired" date="2025-10-24T12:26:50.962" /><!-- duration: 16ms -->
    <step title="Saving request content to C:\local\Temp\zipdeploy\u3qngy2p.zip" date="2025-10-24T12:26:50.978" >
      <step title="Total 29,423,234 bytes written to C:\local\Temp\zipdeploy\u3qngy2p.zip" date="2025-10-24T12:26:51.540" /><!-- duration: 16ms -->
    </step><!-- duration: 578ms -->
    <step title="LockFile &apos;C:\home\site\locks\deployments.lock&apos; released" date="2025-10-24T12:26:51.571" /><!-- duration: 0ms -->
    <step title="Deleting shutdown sentinel file" date="2025-10-24T12:26:51.571" SemaphoreCount="8" /><!-- duration: 16ms -->
    <step title="Starting FetchDeploy" date="2025-10-24T12:26:51.587" /><!-- duration: 16ms -->
    <step title="Start deployment in the background" date="2025-10-24T12:26:51.603" /><!-- duration: 94ms -->
  </step><!-- duration: 844ms -->
  <step title="Outgoing response" date="2025-10-24T12:26:51.743" type="response" statusCode="202" statusText="Accepted" Server="Microsoft-IIS/10.0" x-ms-request-id="b1d0df94-b0d4-11f0-a35e-6045bd07a4d8" Retry-After="30" Cache-Control="private" X-AspNet-Version="4.0.30319" Location="https://pofunquiz.scm.azurewebsites.net/api/deployments/latest?deployer=ZipDeploy&amp;time=2025-10-24_12-26-51Z" /><!-- duration: 31ms -->
</step><!-- duration: 1516ms -->
