<step title="BackgroundTrace" date="2025-10-22T19:46:47.332" instance="c01540" url="/api/zipdeploy" method="POST" >
  <step title="Updating shutdown sentinel last write time" date="2025-10-22T19:46:47.332" SemaphoreCount="7" /><!-- duration: 16ms -->
  <step title="LockFile &apos;C:\home\site\locks\deployments.lock&apos; acquired" date="2025-10-22T19:46:47.348" /><!-- duration: 0ms -->
  <step title="Creating temporary deployment" date="2025-10-22T19:46:47.364" /><!-- duration: 47ms -->
  <step title="Performing fetch based deployment" date="2025-10-22T19:46:47.411" >
    <step title="Fetching changes." date="2025-10-22T19:46:47.473" /><!-- duration: 16ms -->
    <step title="Starting LocalZipHandler" date="2025-10-22T19:46:47.520" /><!-- duration: 0ms -->
    <step title="Cleaning up temp folders from previous zip deployments and extracting pushed zip file C:\local\Temp\zipdeploy\ufn014i2.zip (23.01 MB) to C:\local\Temp\zipdeploy\extracted" date="2025-10-22T19:46:47.551" /><!-- duration: 0ms -->
    <step title="Cleaning up temp folders from previous zip deployments and extracting pushed zip file C:\local\Temp\zipdeploy\ufn014i2.zip (23.01 MB) to C:\local\Temp\zipdeploy\extracted" date="2025-10-22T19:46:47.551" >
      <step title="Extracting 453 entries to C:\local\Temp\zipdeploy\extracted directory" date="2025-10-22T19:46:47.582" >
        <step title="Extracting to C:\local\Temp\zipdeploy\extracted\Microsoft.Extensions.Configuration.FileExtensions.dll ..." date="2025-10-22T19:46:47.582" /><!-- duration: 16ms -->
        <step title="Extracting to C:\local\Temp\zipdeploy\extracted\Microsoft.Extensions.Primitives.dll ..." date="2025-10-22T19:46:47.614" /><!-- duration: 0ms -->
        <step title="Extracting to C:\local\Temp\zipdeploy\extracted\PoFunQuiz.Server.pdb ..." date="2025-10-22T19:46:47.614" /><!-- duration: 16ms -->
        <step title="Extracting to C:\local\Temp\zipdeploy\extracted\Microsoft.AI.ServerTelemetryChannel.dll ..." date="2025-10-22T19:46:47.629" /><!-- duration: 16ms -->
        <step title="Extracting to C:\local\Temp\zipdeploy\extracted\Microsoft.Extensions.DependencyInjection.dll ..." date="2025-10-22T19:46:47.645" /><!-- duration: 16ms -->
        <step title="Omitting extracting file traces ..." date="2025-10-22T19:46:47.661" /><!-- duration: 16ms -->
      </step><!-- duration: 969ms -->
    </step><!-- duration: 1000ms -->
    <step title="Before sending BuildRequestReceived status to /api/updatedeploystatus" date="2025-10-22T19:46:48.567" /><!-- duration: 0ms -->
    <step title="DeploymentManager.Deploy(id:30b53c5cea5c4c9fbebdcb7023a1f49f)" date="2025-10-22T19:46:48.567" >
      <step title="Collecting changeset information" date="2025-10-22T19:46:48.598" /><!-- duration: 31ms -->
      <step title="Updating submodules" date="2025-10-22T19:46:48.645" >
        <step title="Updating submodules." date="2025-10-22T19:46:48.676" /><!-- duration: 0ms -->
      </step><!-- duration: 47ms -->
      <step title="Preparing deployment for commit id &apos;30b53c5cea&apos;." date="2025-10-22T19:46:48.723" /><!-- duration: 0ms -->
      <step title="Determining deployment builder" date="2025-10-22T19:46:48.770" >
        <step title="Builder is BasicBuilder" date="2025-10-22T19:46:48.786" /><!-- duration: 0ms -->
      </step><!-- duration: 16ms -->
      <step title="Copying SSH keys" date="2025-10-22T19:46:48.817" /><!-- duration: 0ms -->
      <step title="Building" date="2025-10-22T19:46:48.832" >
        <step title="Generating deployment script." date="2025-10-22T19:46:48.879" /><!-- duration: 0ms -->
        <step title="Generating deployment script" date="2025-10-22T19:46:48.879" >
          <step title="Using cached version of the deployment script for command: -y --no-dot-deployment -r &quot;C:\local\Temp\zipdeploy\extracted&quot; -o &quot;C:\home\site\deployments\tools&quot; --basic --sitePath &quot;C:\local\Temp\zipdeploy\extracted&quot;" date="2025-10-22T19:46:48.926" /><!-- duration: 0ms -->
          <step title="Using cached version of deployment script (command: &apos;azure -y --no-dot-deployment -r &quot;C:\local\Temp\zipdeploy\extracted&quot; -o &quot;C:\home\site\deployments\tools&quot; --basic --sitePath &quot;C:\local\Temp\zipdeploy\extracted&quot;&apos;)." date="2025-10-22T19:46:48.942" /><!-- duration: 0ms -->
        </step><!-- duration: 78ms -->
        <step title="Running deployment command..." date="2025-10-22T19:46:49.004" /><!-- duration: 0ms -->
        <step title="Command: &quot;C:\home\site\deployments\tools\deploy.cmd&quot;" date="2025-10-22T19:46:49.020" /><!-- duration: 16ms -->
        <step title="Executing external process" date="2025-10-22T19:46:49.036" type="process" path="starter.cmd" arguments="&quot;C:\home\site\deployments\tools\deploy.cmd&quot;" >
          <step title="Handling Basic Web Site deployment." date="2025-10-22T19:46:49.207" /><!-- duration: 0ms -->
          <step title="Creating app_offline.htm" date="2025-10-22T19:46:49.567" /><!-- duration: 0ms -->
          <step title="KuduSync.NET from: &apos;C:\local\Temp\zipdeploy\extracted&apos; to: &apos;C:\home\site\wwwroot&apos;" date="2025-10-22T19:46:49.582" /><!-- duration: 0ms -->
          <step title="Copying file: &apos;appsettings.json&apos;" date="2025-10-22T19:46:49.582" /><!-- duration: 0ms -->
          <step title="Copying file: &apos;PoFunQuiz.Client.dll&apos;" date="2025-10-22T19:46:49.598" /><!-- duration: 0ms -->
          <step title="Copying file: &apos;PoFunQuiz.Core.dll&apos;" date="2025-10-22T19:46:49.614" /><!-- duration: 0ms -->
          <step title="Copying file: &apos;PoFunQuiz.Infrastructure.dll&apos;" date="2025-10-22T19:46:49.614" /><!-- duration: 16ms -->
          <step title="Copying file: &apos;PoFunQuiz.Infrastructure.pdb&apos;" date="2025-10-22T19:46:49.629" /><!-- duration: 0ms -->
          <step title="Copying file: &apos;PoFunQuiz.Server&apos;" date="2025-10-22T19:46:49.645" /><!-- duration: 0ms -->
          <step title="Copying file: &apos;PoFunQuiz.Server.deps.json&apos;" date="2025-10-22T19:46:49.645" /><!-- duration: 16ms -->
          <step title="Copying file: &apos;PoFunQuiz.Server.dll&apos;" date="2025-10-22T19:46:49.661" /><!-- duration: 0ms -->
          <step title="Copying file: &apos;PoFunQuiz.Server.pdb&apos;" date="2025-10-22T19:46:49.676" /><!-- duration: 0ms -->
          <step title="Copying file: &apos;PoFunQuiz.Server.runtimeconfig.json&apos;" date="2025-10-22T19:46:49.676" /><!-- duration: 16ms -->
          <step title="Copying file: &apos;PoFunQuiz.Server.staticwebassets.endpoints.json&apos;" date="2025-10-22T19:46:49.692" /><!-- duration: 0ms -->
          <step title="Copying file: &apos;wwwroot\app.css&apos;" date="2025-10-22T19:46:49.707" /><!-- duration: 0ms -->
          <step title="Copying file: &apos;wwwroot\app.css.br&apos;" date="2025-10-22T19:46:49.707" /><!-- duration: 16ms -->
          <step title="Copying file: &apos;wwwroot\app.css.gz&apos;" date="2025-10-22T19:46:49.723" /><!-- duration: 0ms -->
          <step title="Copying file: &apos;wwwroot\favicon.png&apos;" date="2025-10-22T19:46:49.739" /><!-- duration: 16ms -->
          <step title="Copying file: &apos;wwwroot\icon-192.png&apos;" date="2025-10-22T19:46:49.770" /><!-- duration: 0ms -->
          <step title="Copying file: &apos;wwwroot\index.html&apos;" date="2025-10-22T19:46:49.770" /><!-- duration: 0ms -->
          <step title="Copying file: &apos;wwwroot\index.html.br&apos;" date="2025-10-22T19:46:49.786" /><!-- duration: 0ms -->
          <step title="Copying file: &apos;wwwroot\index.html.gz&apos;" date="2025-10-22T19:46:49.801" /><!-- duration: 16ms -->
          <step title="Copying file: &apos;wwwroot\manifest.webmanifest&apos;" date="2025-10-22T19:46:49.832" /><!-- duration: 0ms -->
          <step title="Copying file: &apos;wwwroot\manifest.webmanifest.br&apos;" date="2025-10-22T19:46:49.832" /><!-- duration: 16ms -->
          <step title="Copying file: &apos;wwwroot\manifest.webmanifest.gz&apos;" date="2025-10-22T19:46:49.864" /><!-- duration: 0ms -->
          <step title="Copying file: &apos;wwwroot\offline.html&apos;" date="2025-10-22T19:46:49.879" /><!-- duration: 0ms -->
          <step title="Copying file: &apos;wwwroot\offline.html.br&apos;" date="2025-10-22T19:46:49.895" /><!-- duration: 16ms -->
          <step title="Copying file: &apos;wwwroot\offline.html.gz&apos;" date="2025-10-22T19:46:49.911" /><!-- duration: 16ms -->
          <step title="Copying file: &apos;wwwroot\PoFunQuiz.Client.styles.css&apos;" date="2025-10-22T19:46:49.926" /><!-- duration: 0ms -->
          <step title="Copying file: &apos;wwwroot\PoFunQuiz.Client.styles.css.br&apos;" date="2025-10-22T19:46:49.942" /><!-- duration: 0ms -->
          <step title="Copying file: &apos;wwwroot\PoFunQuiz.Client.styles.css.gz&apos;" date="2025-10-22T19:46:49.957" /><!-- duration: 0ms -->
          <step title="Copying file: &apos;wwwroot\service-worker.js&apos;" date="2025-10-22T19:46:49.973" /><!-- duration: 0ms -->
          <step title="Copying file: &apos;wwwroot\service-worker.js.br&apos;" date="2025-10-22T19:46:49.973" /><!-- duration: 0ms -->
          <step title="Copying file: &apos;wwwroot\service-worker.js.gz&apos;" date="2025-10-22T19:46:49.989" /><!-- duration: 0ms -->
          <step title="Copying file: &apos;wwwroot\css\app.css&apos;" date="2025-10-22T19:46:50.004" /><!-- duration: 0ms -->
          <step title="Copying file: &apos;wwwroot\css\app.css.br&apos;" date="2025-10-22T19:46:50.004" /><!-- duration: 0ms -->
          <step title="Copying file: &apos;wwwroot\css\app.css.gz&apos;" date="2025-10-22T19:46:50.020" /><!-- duration: 0ms -->
          <step title="Copying file: &apos;wwwroot\css\gameboard-mobile.css&apos;" date="2025-10-22T19:46:50.036" /><!-- duration: 0ms -->
          <step title="Copying file: &apos;wwwroot\css\gameboard-mobile.css.br&apos;" date="2025-10-22T19:46:50.036" /><!-- duration: 16ms -->
          <step title="Copying file: &apos;wwwroot\css\gameboard-mobile.css.gz&apos;" date="2025-10-22T19:46:50.051" /><!-- duration: 0ms -->
          <step title="Copying file: &apos;wwwroot\images\icon-192.png&apos;" date="2025-10-22T19:46:50.067" /><!-- duration: 0ms -->
          <step title="Copying file: &apos;wwwroot\images\icon-512.png&apos;" date="2025-10-22T19:46:50.067" /><!-- duration: 16ms -->
          <step title="Copying file: &apos;wwwroot\images\icon-maskable-192.png&apos;" date="2025-10-22T19:46:50.082" /><!-- duration: 0ms -->
          <step title="Copying file: &apos;wwwroot\images\icon-maskable-512.png&apos;" date="2025-10-22T19:46:50.098" /><!-- duration: 0ms -->
          <step title="Copying file: &apos;wwwroot\images\placeholder-icons.html&apos;" date="2025-10-22T19:46:50.098" /><!-- duration: 16ms -->
          <step title="Copying file: &apos;wwwroot\images\placeholder-icons.html.br&apos;" date="2025-10-22T19:46:50.114" /><!-- duration: 0ms -->
          <step title="Copying file: &apos;wwwroot\images\placeholder-icons.html.gz&apos;" date="2025-10-22T19:46:50.129" /><!-- duration: 0ms -->
          <step title="Copying file: &apos;wwwroot\images\README.md&apos;" date="2025-10-22T19:46:50.129" /><!-- duration: 16ms -->
          <step title="Copying file: &apos;wwwroot\images\README.md.br&apos;" date="2025-10-22T19:46:50.145" /><!-- duration: 0ms -->
          <step title="Copying file: &apos;wwwroot\images\README.md.gz&apos;" date="2025-10-22T19:46:50.161" /><!-- duration: 0ms -->
          <step title="Copying file: &apos;wwwroot\js\app.js&apos;" date="2025-10-22T19:46:50.176" /><!-- duration: 0ms -->
          <step title="Omitting next output lines..." date="2025-10-22T19:46:50.176" /><!-- duration: 16ms -->
          <step title="Finished successfully." date="2025-10-22T19:46:51.973" /><!-- duration: 16ms -->
        </step><!-- duration: 2953ms -->
        <step title="Running post deployment command(s)..." date="2025-10-22T19:46:52.036" /><!-- duration: 0ms -->
        <step title="Triggering recycle (preview mode disabled)." date="2025-10-22T19:46:52.082" /><!-- duration: 0ms -->
        <step title="Ignoring FS watcher based recycle request as this is a classic Windows app." date="2025-10-22T19:46:52.082" /><!-- duration: 0ms -->
        <step title="Deployment successful. DEPLOYMENTINFO: deploymentPath = ZipDeploy. Extract zip. , deployer = ZipDeploy, os = windows, sku = Free, siteName = PoFunQuiz, siteHostName = pofunquiz.azurewebsites.net, deploymentStatus = Success" date="2025-10-22T19:46:52.147" /><!-- duration: 0ms -->
      </step><!-- duration: 3406ms -->
    </step><!-- duration: 3688ms -->
    <step title="Cleaning up temp files" date="2025-10-22T19:46:52.254" /><!-- duration: 0ms -->
    <step title="Skip function trigger and logicapp sync because function is not enabled." date="2025-10-22T19:46:52.270" /><!-- duration: 0ms -->
  </step><!-- duration: 4875ms -->
  <step title="LockFile &apos;C:\home\site\locks\deployments.lock&apos; released" date="2025-10-22T19:46:52.286" /><!-- duration: 16ms -->
  <step title="Deleting shutdown sentinel file" date="2025-10-22T19:46:52.301" SemaphoreCount="8" /><!-- duration: 0ms -->
</step><!-- duration: 4984ms -->
