<step title="BackgroundTrace" date="2025-10-23T13:05:36.898" instance="c01540" url="/api/zipdeploy" method="POST" >
  <step title="Updating shutdown sentinel last write time" date="2025-10-23T13:05:36.914" SemaphoreCount="7" /><!-- duration: 0ms -->
  <step title="LockFile &apos;C:\home\site\locks\deployments.lock&apos; acquired" date="2025-10-23T13:05:36.914" /><!-- duration: 16ms -->
  <step title="Creating temporary deployment" date="2025-10-23T13:05:36.930" /><!-- duration: 47ms -->
  <step title="Performing fetch based deployment" date="2025-10-23T13:05:36.992" >
    <step title="Fetching changes." date="2025-10-23T13:05:37.055" /><!-- duration: 16ms -->
    <step title="Starting LocalZipHandler" date="2025-10-23T13:05:37.070" /><!-- duration: 16ms -->
    <step title="Cleaning up temp folders from previous zip deployments and extracting pushed zip file C:\local\Temp\zipdeploy\ex5fml5c.zip (28.04 MB) to C:\local\Temp\zipdeploy\extracted" date="2025-10-23T13:05:37.102" /><!-- duration: 16ms -->
    <step title="Cleaning up temp folders from previous zip deployments and extracting pushed zip file C:\local\Temp\zipdeploy\ex5fml5c.zip (28.04 MB) to C:\local\Temp\zipdeploy\extracted" date="2025-10-23T13:05:37.117" >
      <step title="Renaming extractTargetDirectory(C:\local\Temp\zipdeploy\extracted) to tempDirectory(C:\local\Temp\zipdeploy\3qt5wnmf.adw)" date="2025-10-23T13:05:37.117" /><!-- duration: 16ms -->
      <step title="Extracting 537 entries to C:\local\Temp\zipdeploy\extracted directory" date="2025-10-23T13:05:37.148" >
        <step title="Extracting to C:\local\Temp\zipdeploy\extracted\Microsoft.Extensions.Configuration.FileExtensions.dll ..." date="2025-10-23T13:05:37.148" /><!-- duration: 16ms -->
        <step title="Extracting to C:\local\Temp\zipdeploy\extracted\Microsoft.Extensions.Primitives.dll ..." date="2025-10-23T13:05:37.180" /><!-- duration: 0ms -->
        <step title="Extracting to C:\local\Temp\zipdeploy\extracted\PoFunQuiz.Server.pdb ..." date="2025-10-23T13:05:37.195" /><!-- duration: 0ms -->
        <step title="Extracting to C:\local\Temp\zipdeploy\extracted\Microsoft.AI.ServerTelemetryChannel.dll ..." date="2025-10-23T13:05:37.195" /><!-- duration: 16ms -->
        <step title="Extracting to C:\local\Temp\zipdeploy\extracted\Microsoft.Extensions.DependencyInjection.dll ..." date="2025-10-23T13:05:37.211" /><!-- duration: 16ms -->
        <step title="Omitting extracting file traces ..." date="2025-10-23T13:05:37.227" /><!-- duration: 0ms -->
      </step><!-- duration: 1125ms -->
    </step><!-- duration: 1156ms -->
    <step title="Before sending BuildRequestReceived status to /api/updatedeploystatus" date="2025-10-23T13:05:38.274" /><!-- duration: 16ms -->
    <step title="DeploymentManager.Deploy(id:5e113f721ff84acba3f6dcf037a65da0)" date="2025-10-23T13:05:38.289" >
      <step title="Collecting changeset information" date="2025-10-23T13:05:38.305" /><!-- duration: 31ms -->
      <step title="Updating submodules" date="2025-10-23T13:05:38.352" >
        <step title="Updating submodules." date="2025-10-23T13:05:38.399" /><!-- duration: 0ms -->
      </step><!-- duration: 47ms -->
      <step title="Preparing deployment for commit id &apos;5e113f721f&apos;." date="2025-10-23T13:05:38.445" /><!-- duration: 0ms -->
      <step title="Determining deployment builder" date="2025-10-23T13:05:38.492" >
        <step title="Builder is BasicBuilder" date="2025-10-23T13:05:38.492" /><!-- duration: 0ms -->
      </step><!-- duration: 16ms -->
      <step title="Copying SSH keys" date="2025-10-23T13:05:38.523" /><!-- duration: 0ms -->
      <step title="Building" date="2025-10-23T13:05:38.539" >
        <step title="Generating deployment script." date="2025-10-23T13:05:38.571" /><!-- duration: 0ms -->
        <step title="Generating deployment script" date="2025-10-23T13:05:38.586" >
          <step title="Using cached version of the deployment script for command: -y --no-dot-deployment -r &quot;C:\local\Temp\zipdeploy\extracted&quot; -o &quot;C:\home\site\deployments\tools&quot; --basic --sitePath &quot;C:\local\Temp\zipdeploy\extracted&quot;" date="2025-10-23T13:05:38.633" /><!-- duration: 0ms -->
          <step title="Using cached version of deployment script (command: &apos;azure -y --no-dot-deployment -r &quot;C:\local\Temp\zipdeploy\extracted&quot; -o &quot;C:\home\site\deployments\tools&quot; --basic --sitePath &quot;C:\local\Temp\zipdeploy\extracted&quot;&apos;)." date="2025-10-23T13:05:38.633" /><!-- duration: 16ms -->
        </step><!-- duration: 63ms -->
        <step title="Running deployment command..." date="2025-10-23T13:05:38.680" /><!-- duration: 0ms -->
        <step title="Command: &quot;C:\home\site\deployments\tools\deploy.cmd&quot;" date="2025-10-23T13:05:38.711" /><!-- duration: 0ms -->
        <step title="Executing external process" date="2025-10-23T13:05:38.727" type="process" path="starter.cmd" arguments="&quot;C:\home\site\deployments\tools\deploy.cmd&quot;" >
          <step title="Handling Basic Web Site deployment." date="2025-10-23T13:05:38.883" /><!-- duration: 16ms -->
          <step title="Creating app_offline.htm" date="2025-10-23T13:05:39.227" /><!-- duration: 0ms -->
          <step title="KuduSync.NET from: &apos;C:\local\Temp\zipdeploy\extracted&apos; to: &apos;C:\home\site\wwwroot&apos;" date="2025-10-23T13:05:39.242" /><!-- duration: 0ms -->
          <step title="Copying file: &apos;appsettings.json&apos;" date="2025-10-23T13:05:39.258" /><!-- duration: 0ms -->
          <step title="Copying file: &apos;PoFunQuiz.Client.dll&apos;" date="2025-10-23T13:05:39.273" /><!-- duration: 0ms -->
          <step title="Copying file: &apos;PoFunQuiz.Core.dll&apos;" date="2025-10-23T13:05:39.289" /><!-- duration: 0ms -->
          <step title="Copying file: &apos;PoFunQuiz.Infrastructure.dll&apos;" date="2025-10-23T13:05:39.289" /><!-- duration: 16ms -->
          <step title="Copying file: &apos;PoFunQuiz.Infrastructure.pdb&apos;" date="2025-10-23T13:05:39.305" /><!-- duration: 0ms -->
          <step title="Copying file: &apos;PoFunQuiz.Server&apos;" date="2025-10-23T13:05:39.320" /><!-- duration: 0ms -->
          <step title="Copying file: &apos;PoFunQuiz.Server.deps.json&apos;" date="2025-10-23T13:05:39.336" /><!-- duration: 0ms -->
          <step title="Copying file: &apos;PoFunQuiz.Server.dll&apos;" date="2025-10-23T13:05:39.352" /><!-- duration: 0ms -->
          <step title="Copying file: &apos;PoFunQuiz.Server.pdb&apos;" date="2025-10-23T13:05:39.352" /><!-- duration: 16ms -->
          <step title="Copying file: &apos;PoFunQuiz.Server.runtimeconfig.json&apos;" date="2025-10-23T13:05:39.367" /><!-- duration: 0ms -->
          <step title="Copying file: &apos;PoFunQuiz.Server.staticwebassets.endpoints.json&apos;" date="2025-10-23T13:05:39.383" /><!-- duration: 0ms -->
          <step title="Copying file: &apos;wwwroot\app.css&apos;" date="2025-10-23T13:05:39.398" /><!-- duration: 0ms -->
          <step title="Copying file: &apos;wwwroot\app.css.br&apos;" date="2025-10-23T13:05:39.398" /><!-- duration: 0ms -->
          <step title="Copying file: &apos;wwwroot\app.css.gz&apos;" date="2025-10-23T13:05:39.414" /><!-- duration: 0ms -->
          <step title="Copying file: &apos;wwwroot\favicon.png&apos;" date="2025-10-23T13:05:39.430" /><!-- duration: 0ms -->
          <step title="Copying file: &apos;wwwroot\icon-192.png&apos;" date="2025-10-23T13:05:39.445" /><!-- duration: 0ms -->
          <step title="Copying file: &apos;wwwroot\index.html&apos;" date="2025-10-23T13:05:39.461" /><!-- duration: 0ms -->
          <step title="Copying file: &apos;wwwroot\index.html.br&apos;" date="2025-10-23T13:05:39.461" /><!-- duration: 16ms -->
          <step title="Copying file: &apos;wwwroot\index.html.gz&apos;" date="2025-10-23T13:05:39.477" /><!-- duration: 0ms -->
          <step title="Copying file: &apos;wwwroot\PoFunQuiz.Client.styles.css&apos;" date="2025-10-23T13:05:39.492" /><!-- duration: 0ms -->
          <step title="Copying file: &apos;wwwroot\PoFunQuiz.Client.styles.css.br&apos;" date="2025-10-23T13:05:39.492" /><!-- duration: 16ms -->
          <step title="Copying file: &apos;wwwroot\PoFunQuiz.Client.styles.css.gz&apos;" date="2025-10-23T13:05:39.508" /><!-- duration: 0ms -->
          <step title="Copying file: &apos;wwwroot\css\app.css&apos;" date="2025-10-23T13:05:39.523" /><!-- duration: 0ms -->
          <step title="Copying file: &apos;wwwroot\css\app.css.br&apos;" date="2025-10-23T13:05:39.539" /><!-- duration: 0ms -->
          <step title="Copying file: &apos;wwwroot\css\app.css.gz&apos;" date="2025-10-23T13:05:39.539" /><!-- duration: 16ms -->
          <step title="Copying file: &apos;wwwroot\css\gameboard-mobile.css&apos;" date="2025-10-23T13:05:39.555" /><!-- duration: 16ms -->
          <step title="Copying file: &apos;wwwroot\css\gameboard-mobile.css.br&apos;" date="2025-10-23T13:05:39.570" /><!-- duration: 0ms -->
          <step title="Copying file: &apos;wwwroot\css\gameboard-mobile.css.gz&apos;" date="2025-10-23T13:05:39.586" /><!-- duration: 0ms -->
          <step title="Copying file: &apos;wwwroot\images\icon-192.png&apos;" date="2025-10-23T13:05:39.586" /><!-- duration: 16ms -->
          <step title="Copying file: &apos;wwwroot\images\icon-512.png&apos;" date="2025-10-23T13:05:39.602" /><!-- duration: 0ms -->
          <step title="Copying file: &apos;wwwroot\images\icon-maskable-192.png&apos;" date="2025-10-23T13:05:39.617" /><!-- duration: 0ms -->
          <step title="Copying file: &apos;wwwroot\images\icon-maskable-512.png&apos;" date="2025-10-23T13:05:39.617" /><!-- duration: 16ms -->
          <step title="Copying file: &apos;wwwroot\images\placeholder-icons.html&apos;" date="2025-10-23T13:05:39.633" /><!-- duration: 0ms -->
          <step title="Copying file: &apos;wwwroot\images\placeholder-icons.html.br&apos;" date="2025-10-23T13:05:39.648" /><!-- duration: 0ms -->
          <step title="Copying file: &apos;wwwroot\images\placeholder-icons.html.gz&apos;" date="2025-10-23T13:05:39.664" /><!-- duration: 0ms -->
          <step title="Copying file: &apos;wwwroot\images\README.md&apos;" date="2025-10-23T13:05:39.664" /><!-- duration: 16ms -->
          <step title="Copying file: &apos;wwwroot\images\README.md.br&apos;" date="2025-10-23T13:05:39.680" /><!-- duration: 0ms -->
          <step title="Copying file: &apos;wwwroot\images\README.md.gz&apos;" date="2025-10-23T13:05:39.695" /><!-- duration: 0ms -->
          <step title="Copying file: &apos;wwwroot\js\app.js&apos;" date="2025-10-23T13:05:39.695" /><!-- duration: 16ms -->
          <step title="Copying file: &apos;wwwroot\js\app.js.br&apos;" date="2025-10-23T13:05:39.711" /><!-- duration: 0ms -->
          <step title="Copying file: &apos;wwwroot\js\app.js.gz&apos;" date="2025-10-23T13:05:39.727" /><!-- duration: 0ms -->
          <step title="Copying file: &apos;wwwroot\js\gameboard.js&apos;" date="2025-10-23T13:05:39.727" /><!-- duration: 16ms -->
          <step title="Copying file: &apos;wwwroot\js\gameboard.js.br&apos;" date="2025-10-23T13:05:39.742" /><!-- duration: 0ms -->
          <step title="Copying file: &apos;wwwroot\js\gameboard.js.gz&apos;" date="2025-10-23T13:05:39.758" /><!-- duration: 0ms -->
          <step title="Copying file: &apos;wwwroot\js\unregister-sw.js&apos;" date="2025-10-23T13:05:39.773" /><!-- duration: 0ms -->
          <step title="Copying file: &apos;wwwroot\js\unregister-sw.js.br&apos;" date="2025-10-23T13:05:39.789" /><!-- duration: 0ms -->
          <step title="Copying file: &apos;wwwroot\js\unregister-sw.js.gz&apos;" date="2025-10-23T13:05:39.789" /><!-- duration: 16ms -->
          <step title="Copying file: &apos;wwwroot\lib\bootstrap\dist\css\bootstrap-grid.css&apos;" date="2025-10-23T13:05:39.805" /><!-- duration: 16ms -->
          <step title="Omitting next output lines..." date="2025-10-23T13:05:39.820" /><!-- duration: 0ms -->
          <step title="Finished successfully." date="2025-10-23T13:05:42.432" /><!-- duration: 0ms -->
        </step><!-- duration: 3721ms -->
        <step title="Running post deployment command(s)..." date="2025-10-23T13:05:42.479" /><!-- duration: 0ms -->
        <step title="Triggering recycle (preview mode disabled)." date="2025-10-23T13:05:42.526" /><!-- duration: 0ms -->
        <step title="Ignoring FS watcher based recycle request as this is a classic Windows app." date="2025-10-23T13:05:42.526" /><!-- duration: 16ms -->
        <step title="Deployment successful. DEPLOYMENTINFO: deploymentPath = ZipDeploy. Extract zip. , deployer = ZipDeploy, os = windows, sku = Free, siteName = PoFunQuiz, siteHostName = pofunquiz.azurewebsites.net, deploymentStatus = Success" date="2025-10-23T13:05:42.573" /><!-- duration: 16ms -->
      </step><!-- duration: 4128ms -->
    </step><!-- duration: 4393ms -->
    <step title="Cleaning up temp files" date="2025-10-23T13:05:42.682" /><!-- duration: 0ms -->
    <step title="Skip function trigger and logicapp sync because function is not enabled." date="2025-10-23T13:05:42.698" /><!-- duration: 0ms -->
  </step><!-- duration: 5721ms -->
  <step title="LockFile &apos;C:\home\site\locks\deployments.lock&apos; released" date="2025-10-23T13:05:42.714" /><!-- duration: 0ms -->
  <step title="Deleting shutdown sentinel file" date="2025-10-23T13:05:42.729" SemaphoreCount="8" /><!-- duration: 0ms -->
</step><!-- duration: 5831ms -->
