<step title="Incoming Request" date="2025-10-22T19:01:48.226" instance="c01540" url="/api/zipdeploy?isAsync=true" method="POST" type="request" pid="4324,2,8" Cache-Control="no-cache" Content-Length="33885701" Content-Type="application/octet-stream" Accept="*/*" Accept-Encoding="gzip, deflate" Authorization="Bea..." Host="pofunquiz.scm.azurewebsites.net" User-Agent="AZURECLI/2.77.0 (MSI)" x-ms-client-request-id="8b6a47dd-af79-11f0-95ac-c4cb76995134" X-ARR-LOG-ID="8b6a47dd-af79-11f0-95ac-c4cb76995134" CLIENT-IP="73.163.65.94:64883" X-SITE-DEPLOYMENT-ID="PoFunQuiz" WAS-DEFAULT-HOSTNAME="pofunquiz.scm.azurewebsites.net" X-Forwarded-Proto="https" X-AppService-Proto="https" X-Forwarded-TlsVersion="1.3" X-WAWS-Unencoded-URL="/api/zipdeploy?isAsync=true" >
  <step title="ZipPushDeploy" date="2025-10-22T19:01:48.492" >
    <step title="ZipDeploy. Extract zip. " date="2025-10-22T19:01:48.523" /><!-- duration: 16ms -->
    <step title="Starting PushDeployAsync" date="2025-10-22T19:01:48.539" /><!-- duration: 0ms -->
    <step title="Updating shutdown sentinel last write time" date="2025-10-22T19:01:48.601" SemaphoreCount="7" /><!-- duration: 0ms -->
    <step title="LockFile &apos;C:\home\site\locks\deployments.lock&apos; acquired" date="2025-10-22T19:01:48.601" /><!-- duration: 16ms -->
    <step title="Saving request content to C:\local\Temp\zipdeploy\xkfzo4vj.zip" date="2025-10-22T19:01:48.617" /><!-- duration: 62ms -->
    <step title="LockFile &apos;C:\home\site\locks\deployments.lock&apos; released" date="2025-10-22T19:01:48.679" /><!-- duration: 0ms -->
    <step title="Deleting shutdown sentinel file" date="2025-10-22T19:01:48.695" SemaphoreCount="8" /><!-- duration: 0ms -->
  </step><!-- duration: 203ms -->
  <step title="Error occurred" date="2025-10-22T19:01:48.726" type="error" text="The client disconnected." stackTrace="   at System.Web.Hosting.IIS7WorkerRequest.BeginRead(Byte[] buffer, Int32 offset, Int32 count, AsyncCallback callback, Object state)
   at System.Web.HttpBufferlessInputStream.BeginRead(Byte[] buffer, Int32 offset, Int32 count, AsyncCallback callback, Object state)
   at System.IO.Stream.&lt;&gt;c.&lt;BeginEndReadAsync&gt;b__43_0(Stream stream, ReadWriteParameters args, AsyncCallback callback, Object state)
   at System.Threading.Tasks.TaskFactory`1.FromAsyncTrim[TInstance,TArgs](TInstance thisRef, TArgs args, Func`5 beginMethod, Func`3 endMethod)
   at System.IO.Stream.BeginEndReadAsync(Byte[] buffer, Int32 offset, Int32 count)
   at System.IO.Stream.ReadAsync(Byte[] buffer, Int32 offset, Int32 count, CancellationToken cancellationToken)
   at System.Web.Http.WebHost.SeekableBufferedRequestStream.&lt;ReadAsync&gt;d__0.MoveNext()
--- End of stack trace from previous location where exception was thrown ---
   at System.Runtime.CompilerServices.TaskAwaiter.ThrowForNonSuccess(Task task)
   at System.Runtime.CompilerServices.TaskAwaiter.HandleNonSuccessAndDebuggerNotification(Task task)
   at Kudu.Services.ByteRanges.HttpRequestMessageExtensions.&lt;CopyToAsync&gt;d__1.MoveNext() in C:\__w\1\s\Kudu.Services\ByteRanges\HttpRequestMessageExtensions.cs:line 55
--- End of stack trace from previous location where exception was thrown ---
   at System.Runtime.CompilerServices.TaskAwaiter.ThrowForNonSuccess(Task task)
   at System.Runtime.CompilerServices.TaskAwaiter.HandleNonSuccessAndDebuggerNotification(Task task)
   at Kudu.Services.Deployment.PushDeploymentController.&lt;&gt;c__DisplayClass16_0.&lt;&lt;PushDeployAsync&gt;b__0&gt;d.MoveNext() in C:\__w\1\s\Kudu.Services\Deployment\PushDeploymentController.cs:line 519
--- End of stack trace from previous location where exception was thrown ---
   at System.Runtime.CompilerServices.TaskAwaiter.ThrowForNonSuccess(Task task)
   at System.Runtime.CompilerServices.TaskAwaiter.HandleNonSuccessAndDebuggerNotification(Task task)
   at Kudu.Contracts.Infrastructure.LockExtensions.&lt;LockOperationAsync&gt;d__6.MoveNext()
--- End of stack trace from previous location where exception was thrown ---
   at System.Runtime.CompilerServices.TaskAwaiter.ThrowForNonSuccess(Task task)
   at System.Runtime.CompilerServices.TaskAwaiter.HandleNonSuccessAndDebuggerNotification(Task task)
   at Kudu.Services.Infrastructure.LockExtensions.&lt;LockHttpOperationAsync&gt;d__1.MoveNext() in C:\__w\1\s\Kudu.Services\Infrastructure\LockExtensions.cs:line 30
--- End of stack trace from previous location where exception was thrown ---
   at System.Runtime.CompilerServices.TaskAwaiter.ThrowForNonSuccess(Task task)
   at System.Runtime.CompilerServices.TaskAwaiter.HandleNonSuccessAndDebuggerNotification(Task task)
   at System.Runtime.CompilerServices.TaskAwaiter.ValidateEnd(Task task)
   at Kudu.Services.Deployment.PushDeploymentController.&lt;PushDeployAsync&gt;d__16.MoveNext() in C:\__w\1\s\Kudu.Services\Deployment\PushDeploymentController.cs:line 498
--- End of stack trace from previous location where exception was thrown ---
   at System.Runtime.CompilerServices.TaskAwaiter.ThrowForNonSuccess(Task task)
   at System.Runtime.CompilerServices.TaskAwaiter.HandleNonSuccessAndDebuggerNotification(Task task)
   at Kudu.Services.Deployment.PushDeploymentController.&lt;ZipPushDeploy&gt;d__12.MoveNext() in C:\__w\1\s\Kudu.Services\Deployment\PushDeploymentController.cs:line 103
--- End of stack trace from previous location where exception was thrown ---
   at System.Runtime.CompilerServices.TaskAwaiter.ThrowForNonSuccess(Task task)
   at System.Runtime.CompilerServices.TaskAwaiter.HandleNonSuccessAndDebuggerNotification(Task task)
   at System.Threading.Tasks.TaskHelpersExtensions.&lt;CastToObject&gt;d__3`1.MoveNext()
--- End of stack trace from previous location where exception was thrown ---
   at System.Runtime.CompilerServices.TaskAwaiter.ThrowForNonSuccess(Task task)
   at System.Runtime.CompilerServices.TaskAwaiter.HandleNonSuccessAndDebuggerNotification(Task task)
   at System.Web.Http.Controllers.ApiControllerActionInvoker.&lt;InvokeActionAsyncCore&gt;d__0.MoveNext()
--- End of stack trace from previous location where exception was thrown ---
   at System.Runtime.CompilerServices.TaskAwaiter.ThrowForNonSuccess(Task task)
   at System.Runtime.CompilerServices.TaskAwaiter.HandleNonSuccessAndDebuggerNotification(Task task)
   at System.Web.Http.Filters.ActionFilterAttribute.&lt;CallOnActionExecutedAsync&gt;d__5.MoveNext()
--- End of stack trace from previous location where exception was thrown ---
   at System.Web.Http.Filters.ActionFilterAttribute.&lt;CallOnActionExecutedAsync&gt;d__5.MoveNext()
--- End of stack trace from previous location where exception was thrown ---
   at System.Runtime.CompilerServices.TaskAwaiter.ThrowForNonSuccess(Task task)
   at System.Runtime.CompilerServices.TaskAwaiter.HandleNonSuccessAndDebuggerNotification(Task task)
   at System.Web.Http.Filters.ActionFilterAttribute.&lt;ExecuteActionFilterAsyncCore&gt;d__0.MoveNext()
--- End of stack trace from previous location where exception was thrown ---
   at System.Runtime.CompilerServices.TaskAwaiter.ThrowForNonSuccess(Task task)
   at System.Runtime.CompilerServices.TaskAwaiter.HandleNonSuccessAndDebuggerNotification(Task task)
   at System.Web.Http.Filters.ActionFilterAttribute.&lt;CallOnActionExecutedAsync&gt;d__5.MoveNext()
--- End of stack trace from previous location where exception was thrown ---
   at System.Web.Http.Filters.ActionFilterAttribute.&lt;CallOnActionExecutedAsync&gt;d__5.MoveNext()
--- End of stack trace from previous location where exception was thrown ---
   at System.Runtime.CompilerServices.TaskAwaiter.ThrowForNonSuccess(Task task)
   at System.Runtime.CompilerServices.TaskAwaiter.HandleNonSuccessAndDebuggerNotification(Task task)
   at System.Web.Http.Filters.ActionFilterAttribute.&lt;ExecuteActionFilterAsyncCore&gt;d__0.MoveNext()
--- End of stack trace from previous location where exception was thrown ---
   at System.Runtime.CompilerServices.TaskAwaiter.ThrowForNonSuccess(Task task)
   at System.Runtime.CompilerServices.TaskAwaiter.HandleNonSuccessAndDebuggerNotification(Task task)
   at System.Web.Http.Controllers.ActionFilterResult.&lt;ExecuteAsync&gt;d__2.MoveNext()
--- End of stack trace from previous location where exception was thrown ---
   at System.Runtime.CompilerServices.TaskAwaiter.ThrowForNonSuccess(Task task)
   at System.Runtime.CompilerServices.TaskAwaiter.HandleNonSuccessAndDebuggerNotification(Task task)
   at System.Web.Http.Controllers.ExceptionFilterResult.&lt;ExecuteAsync&gt;d__0.MoveNext()" /><!-- duration: 0ms -->
  <step title="Outgoing response" date="2025-10-22T19:01:48.804" type="response" statusCode="500" statusText="Internal Server Error" Server="Microsoft-IIS/10.0" x-ms-request-id="8b6a47dd-af79-11f0-95ac-c4cb76995134" Cache-Control="private" X-AspNet-Version="4.0.30319" Content-Type="application/json; charset=utf-8" /><!-- duration: 0ms -->
</step><!-- duration: 594ms -->
