<step title="Incoming Request" date="2025-10-23T00:52:32.265" instance="c01540" url="/api/zipdeploy?isAsync=true" method="POST" type="request" pid="5012,2,8" Cache-Control="no-cache" Content-Length="24132826" Content-Type="application/octet-stream" Accept="*/*" Accept-Encoding="gzip, deflate" Authorization="Bea..." Host="pofunquiz.scm.azurewebsites.net" User-Agent="AZURECLI/2.77.0 (DEB)" x-ms-client-request-id="8abdf05c-afaa-11f0-a35e-7ced8d8148e4" X-ARR-LOG-ID="8abdf05c-afaa-11f0-a35e-7ced8d8148e4" CLIENT-IP="172.208.152.213:8192" X-SITE-DEPLOYMENT-ID="PoFunQuiz" WAS-DEFAULT-HOSTNAME="pofunquiz.scm.azurewebsites.net" X-Forwarded-Proto="https" X-AppService-Proto="https" X-Forwarded-TlsVersion="1.3" X-WAWS-Unencoded-URL="/api/zipdeploy?isAsync=true" >
  <step title="ZipPushDeploy" date="2025-10-23T00:52:32.547" >
    <step title="ZipDeploy. Extract zip. " date="2025-10-23T00:52:32.578" /><!-- duration: 0ms -->
    <step title="Starting PushDeployAsync" date="2025-10-23T00:52:32.578" /><!-- duration: 16ms -->
    <step title="Updating shutdown sentinel last write time" date="2025-10-23T00:52:32.640" SemaphoreCount="7" /><!-- duration: 0ms -->
    <step title="LockFile &apos;C:\home\site\locks\deployments.lock&apos; acquired" date="2025-10-23T00:52:32.640" /><!-- duration: 16ms -->
    <step title="Saving request content to C:\local\Temp\zipdeploy\w32wis2s.zip" date="2025-10-23T00:52:32.656" >
      <step title="Total 24,132,826 bytes written to C:\local\Temp\zipdeploy\w32wis2s.zip" date="2025-10-23T00:52:32.890" /><!-- duration: 0ms -->
    </step><!-- duration: 250ms -->
    <step title="LockFile &apos;C:\home\site\locks\deployments.lock&apos; released" date="2025-10-23T00:52:32.906" /><!-- duration: 0ms -->
    <step title="Deleting shutdown sentinel file" date="2025-10-23T00:52:32.922" SemaphoreCount="8" /><!-- duration: 0ms -->
    <step title="Starting FetchDeploy" date="2025-10-23T00:52:32.937" /><!-- duration: 0ms -->
    <step title="Start deployment in the background" date="2025-10-23T00:52:32.937" /><!-- duration: 94ms -->
  </step><!-- duration: 500ms -->
  <step title="Outgoing response" date="2025-10-23T00:52:33.078" type="response" statusCode="202" statusText="Accepted" Server="Microsoft-IIS/10.0" x-ms-request-id="8abdf05c-afaa-11f0-a35e-7ced8d8148e4" Retry-After="30" Cache-Control="private" X-AspNet-Version="4.0.30319" Location="https://pofunquiz.scm.azurewebsites.net/api/deployments/latest?deployer=ZipDeploy&amp;time=2025-10-23_00-52-33Z" /><!-- duration: 0ms -->
</step><!-- duration: 828ms -->
