<step title="BackgroundTrace" date="2025-10-22T19:10:18.629" instance="c01540" url="/api/zipdeploy" method="POST" >
  <step title="Updating shutdown sentinel last write time" date="2025-10-22T19:10:18.645" SemaphoreCount="7" /><!-- duration: 0ms -->
  <step title="LockFile &apos;C:\home\site\locks\deployments.lock&apos; acquired" date="2025-10-22T19:10:18.660" /><!-- duration: 0ms -->
  <step title="Creating temporary deployment" date="2025-10-22T19:10:18.676" /><!-- duration: 47ms -->
  <step title="Performing fetch based deployment" date="2025-10-22T19:10:18.723" >
    <step title="Fetching changes." date="2025-10-22T19:10:18.785" /><!-- duration: 31ms -->
    <step title="Starting LocalZipHandler" date="2025-10-22T19:10:18.817" /><!-- duration: 16ms -->
    <step title="Cleaning up temp folders from previous zip deployments and extracting pushed zip file C:\local\Temp\zipdeploy\tzgc01oj.zip (22.99 MB) to C:\local\Temp\zipdeploy\extracted" date="2025-10-22T19:10:18.848" /><!-- duration: 16ms -->
    <step title="Cleaning up temp folders from previous zip deployments and extracting pushed zip file C:\local\Temp\zipdeploy\tzgc01oj.zip (22.99 MB) to C:\local\Temp\zipdeploy\extracted" date="2025-10-22T19:10:18.864" >
      <step title="Extracting 449 entries to C:\local\Temp\zipdeploy\extracted directory" date="2025-10-22T19:10:18.879" >
        <step title="Extracting to C:\local\Temp\zipdeploy\extracted\Microsoft.Extensions.Configuration.FileExtensions.dll ..." date="2025-10-22T19:10:18.895" /><!-- duration: 16ms -->
        <step title="Extracting to C:\local\Temp\zipdeploy\extracted\Microsoft.Extensions.Primitives.dll ..." date="2025-10-22T19:10:18.910" /><!-- duration: 16ms -->
        <step title="Extracting to C:\local\Temp\zipdeploy\extracted\PoFunQuiz.Server.pdb ..." date="2025-10-22T19:10:18.926" /><!-- duration: 0ms -->
        <step title="Extracting to C:\local\Temp\zipdeploy\extracted\Microsoft.AI.ServerTelemetryChannel.dll ..." date="2025-10-22T19:10:18.942" /><!-- duration: 0ms -->
        <step title="Extracting to C:\local\Temp\zipdeploy\extracted\Microsoft.Extensions.DependencyInjection.dll ..." date="2025-10-22T19:10:18.942" /><!-- duration: 16ms -->
        <step title="Omitting extracting file traces ..." date="2025-10-22T19:10:18.957" /><!-- duration: 16ms -->
      </step><!-- duration: 1000ms -->
    </step><!-- duration: 1031ms -->
    <step title="Before sending BuildRequestReceived status to /api/updatedeploystatus" date="2025-10-22T19:10:19.895" /><!-- duration: 15ms -->
    <step title="DeploymentManager.Deploy(id:d887b1b1997d453cbb0c9b03e92c9faf)" date="2025-10-22T19:10:19.910" >
      <step title="Collecting changeset information" date="2025-10-22T19:10:19.926" /><!-- duration: 31ms -->
      <step title="Updating submodules" date="2025-10-22T19:10:19.957" >
        <step title="Updating submodules." date="2025-10-22T19:10:20.004" /><!-- duration: 0ms -->
      </step><!-- duration: 47ms -->
      <step title="Preparing deployment for commit id &apos;d887b1b199&apos;." date="2025-10-22T19:10:20.051" /><!-- duration: 0ms -->
      <step title="Determining deployment builder" date="2025-10-22T19:10:20.098" >
        <step title="Builder is BasicBuilder" date="2025-10-22T19:10:20.098" /><!-- duration: 0ms -->
      </step><!-- duration: 16ms -->
      <step title="Copying SSH keys" date="2025-10-22T19:10:20.129" /><!-- duration: 0ms -->
      <step title="Building" date="2025-10-22T19:10:20.145" >
        <step title="Generating deployment script." date="2025-10-22T19:10:20.176" /><!-- duration: 0ms -->
        <step title="Generating deployment script" date="2025-10-22T19:10:20.192" >
          <step title="Using the following command to generate deployment script: &apos;azure site deploymentscript -y --no-dot-deployment -r &quot;C:\local\Temp\zipdeploy\extracted&quot; -o &quot;C:\home\site\deployments\tools&quot; --basic --sitePath &quot;C:\local\Temp\zipdeploy\extracted&quot;&apos;." date="2025-10-22T19:10:20.239" /><!-- duration: 0ms -->
          <step title="Executing external process" date="2025-10-22T19:10:20.254" type="process" path="starter.cmd" arguments="&quot;C:\Program Files (x86)\SiteExtensions\Kudu\2025.09.1.1\bin\node_modules\.bin\kuduscript.cmd&quot; -y --no-dot-deployment -r &quot;C:\local\Temp\zipdeploy\extracted&quot; -o &quot;C:\home\site\deployments\tools&quot; --basic --sitePath &quot;C:\local\Temp\zipdeploy\extracted&quot;" >
            <step title="Generating deployment script for Web Site" date="2025-10-22T19:10:20.489" /><!-- duration: 16ms -->
            <step title="Generated deployment script files" date="2025-10-22T19:10:20.520" /><!-- duration: 0ms -->
          </step><!-- duration: 281ms -->
          <step title="Saved cached version of the deployment script for command -y --no-dot-deployment -r &quot;C:\local\Temp\zipdeploy\extracted&quot; -o &quot;C:\home\site\deployments\tools&quot; --basic --sitePath &quot;C:\local\Temp\zipdeploy\extracted&quot;" date="2025-10-22T19:10:20.535" /><!-- duration: 0ms -->
        </step><!-- duration: 359ms -->
        <step title="Running deployment command..." date="2025-10-22T19:10:20.598" /><!-- duration: 0ms -->
        <step title="Command: &quot;C:\home\site\deployments\tools\deploy.cmd&quot;" date="2025-10-22T19:10:20.614" /><!-- duration: 0ms -->
        <step title="Executing external process" date="2025-10-22T19:10:20.614" type="process" path="starter.cmd" arguments="&quot;C:\home\site\deployments\tools\deploy.cmd&quot;" >
          <step title="Handling Basic Web Site deployment." date="2025-10-22T19:10:20.785" /><!-- duration: 0ms -->
          <step title="Creating app_offline.htm" date="2025-10-22T19:10:21.020" /><!-- duration: 0ms -->
          <step title="KuduSync.NET from: &apos;C:\local\Temp\zipdeploy\extracted&apos; to: &apos;C:\home\site\wwwroot&apos;" date="2025-10-22T19:10:21.035" /><!-- duration: 0ms -->
          <step title="Deleting file: &apos;hostingstart.html&apos;" date="2025-10-22T19:10:21.035" /><!-- duration: 16ms -->
          <step title="Copying file: &apos;appsettings.json&apos;" date="2025-10-22T19:10:21.051" /><!-- duration: 0ms -->
          <step title="Copying file: &apos;Azure.AI.OpenAI.dll&apos;" date="2025-10-22T19:10:21.067" /><!-- duration: 16ms -->
          <step title="Copying file: &apos;Azure.Core.dll&apos;" date="2025-10-22T19:10:21.082" /><!-- duration: 0ms -->
          <step title="Copying file: &apos;Azure.Data.Tables.dll&apos;" date="2025-10-22T19:10:21.098" /><!-- duration: 0ms -->
          <step title="Copying file: &apos;Microsoft.AI.DependencyCollector.dll&apos;" date="2025-10-22T19:10:21.114" /><!-- duration: 0ms -->
          <step title="Copying file: &apos;Microsoft.AI.EventCounterCollector.dll&apos;" date="2025-10-22T19:10:21.114" /><!-- duration: 0ms -->
          <step title="Copying file: &apos;Microsoft.AI.PerfCounterCollector.dll&apos;" date="2025-10-22T19:10:21.129" /><!-- duration: 0ms -->
          <step title="Copying file: &apos;Microsoft.AI.ServerTelemetryChannel.dll&apos;" date="2025-10-22T19:10:21.129" /><!-- duration: 16ms -->
          <step title="Copying file: &apos;Microsoft.AI.WindowsServer.dll&apos;" date="2025-10-22T19:10:21.145" /><!-- duration: 0ms -->
          <step title="Copying file: &apos;Microsoft.ApplicationInsights.AspNetCore.dll&apos;" date="2025-10-22T19:10:21.160" /><!-- duration: 0ms -->
          <step title="Copying file: &apos;Microsoft.ApplicationInsights.dll&apos;" date="2025-10-22T19:10:21.176" /><!-- duration: 0ms -->
          <step title="Copying file: &apos;Microsoft.AspNetCore.Authorization.dll&apos;" date="2025-10-22T19:10:21.192" /><!-- duration: 0ms -->
          <step title="Copying file: &apos;Microsoft.AspNetCore.Components.dll&apos;" date="2025-10-22T19:10:21.192" /><!-- duration: 0ms -->
          <step title="Copying file: &apos;Microsoft.AspNetCore.Components.Forms.dll&apos;" date="2025-10-22T19:10:21.207" /><!-- duration: 0ms -->
          <step title="Copying file: &apos;Microsoft.AspNetCore.Components.Web.dll&apos;" date="2025-10-22T19:10:21.223" /><!-- duration: 0ms -->
          <step title="Copying file: &apos;Microsoft.AspNetCore.Components.WebAssembly.dll&apos;" date="2025-10-22T19:10:21.239" /><!-- duration: 0ms -->
          <step title="Copying file: &apos;Microsoft.AspNetCore.Components.WebAssembly.Server.dll&apos;" date="2025-10-22T19:10:21.254" /><!-- duration: 0ms -->
          <step title="Copying file: &apos;Microsoft.AspNetCore.Metadata.dll&apos;" date="2025-10-22T19:10:21.254" /><!-- duration: 16ms -->
          <step title="Copying file: &apos;Microsoft.AspNetCore.OpenApi.dll&apos;" date="2025-10-22T19:10:21.270" /><!-- duration: 0ms -->
          <step title="Copying file: &apos;Microsoft.Bcl.AsyncInterfaces.dll&apos;" date="2025-10-22T19:10:21.285" /><!-- duration: 0ms -->
          <step title="Copying file: &apos;Microsoft.Extensions.Configuration.Abstractions.dll&apos;" date="2025-10-22T19:10:21.301" /><!-- duration: 0ms -->
          <step title="Copying file: &apos;Microsoft.Extensions.Configuration.Binder.dll&apos;" date="2025-10-22T19:10:21.317" /><!-- duration: 0ms -->
          <step title="Copying file: &apos;Microsoft.Extensions.Configuration.dll&apos;" date="2025-10-22T19:10:21.332" /><!-- duration: 0ms -->
          <step title="Copying file: &apos;Microsoft.Extensions.Configuration.FileExtensions.dll&apos;" date="2025-10-22T19:10:21.348" /><!-- duration: 0ms -->
          <step title="Copying file: &apos;Microsoft.Extensions.Configuration.Json.dll&apos;" date="2025-10-22T19:10:21.348" /><!-- duration: 16ms -->
          <step title="Copying file: &apos;Microsoft.Extensions.DependencyInjection.Abstractions.dll&apos;" date="2025-10-22T19:10:21.364" /><!-- duration: 0ms -->
          <step title="Copying file: &apos;Microsoft.Extensions.DependencyInjection.dll&apos;" date="2025-10-22T19:10:21.379" /><!-- duration: 0ms -->
          <step title="Copying file: &apos;Microsoft.Extensions.DependencyModel.dll&apos;" date="2025-10-22T19:10:21.395" /><!-- duration: 0ms -->
          <step title="Copying file: &apos;Microsoft.Extensions.Diagnostics.Abstractions.dll&apos;" date="2025-10-22T19:10:21.395" /><!-- duration: 16ms -->
          <step title="Copying file: &apos;Microsoft.Extensions.Diagnostics.HealthChecks.Abstractions.dll&apos;" date="2025-10-22T19:10:21.410" /><!-- duration: 16ms -->
          <step title="Copying file: &apos;Microsoft.Extensions.Diagnostics.HealthChecks.dll&apos;" date="2025-10-22T19:10:21.426" /><!-- duration: 0ms -->
          <step title="Copying file: &apos;Microsoft.Extensions.FileProviders.Abstractions.dll&apos;" date="2025-10-22T19:10:21.442" /><!-- duration: 0ms -->
          <step title="Copying file: &apos;Microsoft.Extensions.FileProviders.Physical.dll&apos;" date="2025-10-22T19:10:21.457" /><!-- duration: 0ms -->
          <step title="Copying file: &apos;Microsoft.Extensions.FileSystemGlobbing.dll&apos;" date="2025-10-22T19:10:21.457" /><!-- duration: 16ms -->
          <step title="Copying file: &apos;Microsoft.Extensions.Hosting.Abstractions.dll&apos;" date="2025-10-22T19:10:21.473" /><!-- duration: 0ms -->
          <step title="Copying file: &apos;Microsoft.Extensions.Logging.Abstractions.dll&apos;" date="2025-10-22T19:10:21.489" /><!-- duration: 0ms -->
          <step title="Copying file: &apos;Microsoft.Extensions.Logging.ApplicationInsights.dll&apos;" date="2025-10-22T19:10:21.504" /><!-- duration: 0ms -->
          <step title="Copying file: &apos;Microsoft.Extensions.Logging.dll&apos;" date="2025-10-22T19:10:21.520" /><!-- duration: 0ms -->
          <step title="Copying file: &apos;Microsoft.Extensions.Options.dll&apos;" date="2025-10-22T19:10:21.535" /><!-- duration: 0ms -->
          <step title="Copying file: &apos;Microsoft.Extensions.Primitives.dll&apos;" date="2025-10-22T19:10:21.551" /><!-- duration: 0ms -->
          <step title="Copying file: &apos;Microsoft.JSInterop.dll&apos;" date="2025-10-22T19:10:21.551" /><!-- duration: 16ms -->
          <step title="Copying file: &apos;Microsoft.JSInterop.WebAssembly.dll&apos;" date="2025-10-22T19:10:21.567" /><!-- duration: 0ms -->
          <step title="Copying file: &apos;Microsoft.OpenApi.dll&apos;" date="2025-10-22T19:10:21.582" /><!-- duration: 0ms -->
          <step title="Copying file: &apos;Microsoft.Win32.SystemEvents.dll&apos;" date="2025-10-22T19:10:21.598" /><!-- duration: 0ms -->
          <step title="Copying file: &apos;OpenAI.dll&apos;" date="2025-10-22T19:10:21.598" /><!-- duration: 0ms -->
          <step title="Copying file: &apos;PoFunQuiz.Client.dll&apos;" date="2025-10-22T19:10:21.614" /><!-- duration: 16ms -->
          <step title="Copying file: &apos;PoFunQuiz.Core.dll&apos;" date="2025-10-22T19:10:21.629" /><!-- duration: 0ms -->
          <step title="Omitting next output lines..." date="2025-10-22T19:10:21.645" /><!-- duration: 0ms -->
          <step title="Finished successfully." date="2025-10-22T19:10:24.568" /><!-- duration: 16ms -->
        </step><!-- duration: 3970ms -->
        <step title="Running post deployment command(s)..." date="2025-10-22T19:10:24.614" /><!-- duration: 16ms -->
        <step title="Triggering recycle (preview mode disabled)." date="2025-10-22T19:10:24.677" /><!-- duration: 0ms -->
        <step title="Ignoring FS watcher based recycle request as this is a classic Windows app." date="2025-10-22T19:10:24.677" /><!-- duration: 0ms -->
        <step title="Deployment successful. DEPLOYMENTINFO: deploymentPath = ZipDeploy. Extract zip. , deployer = ZipDeploy, os = windows, sku = Free, siteName = PoFunQuiz, siteHostName = pofunquiz.azurewebsites.net, deploymentStatus = Success" date="2025-10-22T19:10:24.724" /><!-- duration: 0ms -->
      </step><!-- duration: 4673ms -->
    </step><!-- duration: 4907ms -->
    <step title="Cleaning up temp files" date="2025-10-22T19:10:24.833" /><!-- duration: 0ms -->
    <step title="Skip function trigger and logicapp sync because function is not enabled." date="2025-10-22T19:10:24.849" /><!-- duration: 0ms -->
  </step><!-- duration: 6142ms -->
  <step title="LockFile &apos;C:\home\site\locks\deployments.lock&apos; released" date="2025-10-22T19:10:24.880" /><!-- duration: 0ms -->
  <step title="Deleting shutdown sentinel file" date="2025-10-22T19:10:24.880" SemaphoreCount="8" /><!-- duration: 0ms -->
</step><!-- duration: 6267ms -->
