<step title="Incoming Request" date="2025-10-24T01:03:47.026" instance="c01540" url="/api/zipdeploy?isAsync=true" method="POST" type="request" pid="8252,2,7" Cache-Control="no-cache" Connection="Keep-Alive" Content-Length="29423271" Content-Type="application/octet-stream" Accept="*/*" Accept-Encoding="gzip, deflate" Authorization="Bea..." Host="pofunquiz.scm.azurewebsites.net" User-Agent="AZURECLI/2.77.0 (DEB)" x-ms-client-request-id="4681ea6c-b075-11f0-a35e-7ced8d2ab3fb" X-ARR-LOG-ID="4681ea6c-b075-11f0-a35e-7ced8d2ab3fb" CLIENT-IP="135.232.185.18:31760" X-SITE-DEPLOYMENT-ID="PoFunQuiz" WAS-DEFAULT-HOSTNAME="pofunquiz.scm.azurewebsites.net" X-Forwarded-Proto="https" X-AppService-Proto="https" X-Forwarded-TlsVersion="1.3" X-WAWS-Unencoded-URL="/api/zipdeploy?isAsync=true" X-MS-COLDSTART="1" >
  <step title="ZipPushDeploy" date="2025-10-24T01:03:47.620" >
    <step title="ZipDeploy. Extract zip. " date="2025-10-24T01:03:47.651" /><!-- duration: 0ms -->
    <step title="Starting PushDeployAsync" date="2025-10-24T01:03:47.651" /><!-- duration: 16ms -->
    <step title="Updating shutdown sentinel last write time" date="2025-10-24T01:03:47.714" SemaphoreCount="7" /><!-- duration: 16ms -->
    <step title="LockFile &apos;C:\home\site\locks\deployments.lock&apos; acquired" date="2025-10-24T01:03:47.729" /><!-- duration: 0ms -->
    <step title="Saving request content to C:\local\Temp\zipdeploy\atl1vchs.zip" date="2025-10-24T01:03:47.745" >
      <step title="Total 29,423,271 bytes written to C:\local\Temp\zipdeploy\atl1vchs.zip" date="2025-10-24T01:03:48.136" /><!-- duration: 16ms -->
    </step><!-- duration: 406ms -->
    <step title="LockFile &apos;C:\home\site\locks\deployments.lock&apos; released" date="2025-10-24T01:03:48.151" /><!-- duration: 16ms -->
    <step title="Deleting shutdown sentinel file" date="2025-10-24T01:03:48.167" SemaphoreCount="8" /><!-- duration: 0ms -->
    <step title="Starting FetchDeploy" date="2025-10-24T01:03:48.182" /><!-- duration: 0ms -->
    <step title="Start deployment in the background" date="2025-10-24T01:03:48.182" /><!-- duration: 109ms -->
  </step><!-- duration: 687ms -->
  <step title="Outgoing response" date="2025-10-24T01:03:48.339" type="response" statusCode="202" statusText="Accepted" Server="Microsoft-IIS/10.0" x-ms-request-id="4681ea6c-b075-11f0-a35e-7ced8d2ab3fb" Retry-After="30" Cache-Control="private" X-AspNet-Version="4.0.30319" Location="https://pofunquiz.scm.azurewebsites.net/api/deployments/latest?deployer=ZipDeploy&amp;time=2025-10-24_01-03-48Z" /><!-- duration: 0ms -->
</step><!-- duration: 1328ms -->
