<step title="BackgroundTrace" date="2025-10-24T12:26:51.603" instance="c01540" url="/api/zipdeploy" method="POST" >
  <step title="Updating shutdown sentinel last write time" date="2025-10-24T12:26:51.618" SemaphoreCount="7" /><!-- duration: 0ms -->
  <step title="LockFile &apos;C:\home\site\locks\deployments.lock&apos; acquired" date="2025-10-24T12:26:51.634" /><!-- duration: 0ms -->
  <step title="Creating temporary deployment" date="2025-10-24T12:26:51.634" /><!-- duration: 47ms -->
  <step title="Performing fetch based deployment" date="2025-10-24T12:26:51.696" >
    <step title="Fetching changes." date="2025-10-24T12:26:51.759" /><!-- duration: 31ms -->
    <step title="Starting LocalZipHandler" date="2025-10-24T12:26:51.806" /><!-- duration: 0ms -->
    <step title="Cleaning up temp folders from previous zip deployments and extracting pushed zip file C:\local\Temp\zipdeploy\u3qngy2p.zip (28.06 MB) to C:\local\Temp\zipdeploy\extracted" date="2025-10-24T12:26:51.837" /><!-- duration: 0ms -->
    <step title="Cleaning up temp folders from previous zip deployments and extracting pushed zip file C:\local\Temp\zipdeploy\u3qngy2p.zip (28.06 MB) to C:\local\Temp\zipdeploy\extracted" date="2025-10-24T12:26:51.837" >
      <step title="Extracting 546 entries to C:\local\Temp\zipdeploy\extracted directory" date="2025-10-24T12:26:51.868" >
        <step title="Extracting to C:\local\Temp\zipdeploy\extracted\Microsoft.Extensions.Configuration.FileExtensions.dll ..." date="2025-10-24T12:26:51.868" /><!-- duration: 16ms -->
        <step title="Extracting to C:\local\Temp\zipdeploy\extracted\Microsoft.Extensions.Primitives.dll ..." date="2025-10-24T12:26:51.900" /><!-- duration: 0ms -->
        <step title="Extracting to C:\local\Temp\zipdeploy\extracted\PoFunQuiz.Server.pdb ..." date="2025-10-24T12:26:51.900" /><!-- duration: 18ms -->
        <step title="Extracting to C:\local\Temp\zipdeploy\extracted\Microsoft.AI.ServerTelemetryChannel.dll ..." date="2025-10-24T12:26:51.931" /><!-- duration: 0ms -->
        <step title="Extracting to C:\local\Temp\zipdeploy\extracted\Microsoft.Extensions.DependencyInjection.dll ..." date="2025-10-24T12:26:51.931" /><!-- duration: 16ms -->
        <step title="Omitting extracting file traces ..." date="2025-10-24T12:26:51.946" /><!-- duration: 0ms -->
      </step><!-- duration: 1125ms -->
    </step><!-- duration: 1156ms -->
    <step title="Before sending BuildRequestReceived status to /api/updatedeploystatus" date="2025-10-24T12:26:53.009" /><!-- duration: 0ms -->
    <step title="DeploymentManager.Deploy(id:f404772d352f47098ed4fd0c3fe462b1)" date="2025-10-24T12:26:53.025" >
      <step title="Collecting changeset information" date="2025-10-24T12:26:53.025" /><!-- duration: 47ms -->
      <step title="Updating submodules" date="2025-10-24T12:26:53.087" >
        <step title="Updating submodules." date="2025-10-24T12:26:53.134" /><!-- duration: 0ms -->
      </step><!-- duration: 47ms -->
      <step title="Preparing deployment for commit id &apos;f404772d35&apos;." date="2025-10-24T12:26:53.181" /><!-- duration: 0ms -->
      <step title="Determining deployment builder" date="2025-10-24T12:26:53.228" >
        <step title="Builder is BasicBuilder" date="2025-10-24T12:26:53.228" /><!-- duration: 16ms -->
      </step><!-- duration: 16ms -->
      <step title="Copying SSH keys" date="2025-10-24T12:26:53.259" /><!-- duration: 16ms -->
      <step title="Building" date="2025-10-24T12:26:53.275" >
        <step title="Generating deployment script." date="2025-10-24T12:26:53.306" /><!-- duration: 16ms -->
        <step title="Generating deployment script" date="2025-10-24T12:26:53.321" >
          <step title="Using cached version of the deployment script for command: -y --no-dot-deployment -r &quot;C:\local\Temp\zipdeploy\extracted&quot; -o &quot;C:\home\site\deployments\tools&quot; --basic --sitePath &quot;C:\local\Temp\zipdeploy\extracted&quot;" date="2025-10-24T12:26:53.368" /><!-- duration: 0ms -->
          <step title="Using cached version of deployment script (command: &apos;azure -y --no-dot-deployment -r &quot;C:\local\Temp\zipdeploy\extracted&quot; -o &quot;C:\home\site\deployments\tools&quot; --basic --sitePath &quot;C:\local\Temp\zipdeploy\extracted&quot;&apos;)." date="2025-10-24T12:26:53.384" /><!-- duration: 0ms -->
        </step><!-- duration: 62ms -->
        <step title="Running deployment command..." date="2025-10-24T12:26:53.431" /><!-- duration: 0ms -->
        <step title="Command: &quot;C:\home\site\deployments\tools\deploy.cmd&quot;" date="2025-10-24T12:26:53.462" /><!-- duration: 0ms -->
        <step title="Executing external process" date="2025-10-24T12:26:53.478" type="process" path="starter.cmd" arguments="&quot;C:\home\site\deployments\tools\deploy.cmd&quot;" >
          <step title="Handling Basic Web Site deployment." date="2025-10-24T12:26:53.696" /><!-- duration: 0ms -->
          <step title="Creating app_offline.htm" date="2025-10-24T12:26:54.087" /><!-- duration: 0ms -->
          <step title="KuduSync.NET from: &apos;C:\local\Temp\zipdeploy\extracted&apos; to: &apos;C:\home\site\wwwroot&apos;" date="2025-10-24T12:26:54.103" /><!-- duration: 0ms -->
          <step title="Copying file: &apos;appsettings.json&apos;" date="2025-10-24T12:26:54.103" /><!-- duration: 16ms -->
          <step title="Copying file: &apos;PoFunQuiz.Client.dll&apos;" date="2025-10-24T12:26:54.118" /><!-- duration: 0ms -->
          <step title="Copying file: &apos;PoFunQuiz.Core.dll&apos;" date="2025-10-24T12:26:54.134" /><!-- duration: 0ms -->
          <step title="Copying file: &apos;PoFunQuiz.Infrastructure.dll&apos;" date="2025-10-24T12:26:54.150" /><!-- duration: 0ms -->
          <step title="Copying file: &apos;PoFunQuiz.Infrastructure.pdb&apos;" date="2025-10-24T12:26:54.150" /><!-- duration: 0ms -->
          <step title="Copying file: &apos;PoFunQuiz.Server&apos;" date="2025-10-24T12:26:54.165" /><!-- duration: 0ms -->
          <step title="Copying file: &apos;PoFunQuiz.Server.deps.json&apos;" date="2025-10-24T12:26:54.181" /><!-- duration: 0ms -->
          <step title="Copying file: &apos;PoFunQuiz.Server.dll&apos;" date="2025-10-24T12:26:54.181" /><!-- duration: 0ms -->
          <step title="Copying file: &apos;PoFunQuiz.Server.pdb&apos;" date="2025-10-24T12:26:54.196" /><!-- duration: 0ms -->
          <step title="Copying file: &apos;PoFunQuiz.Server.runtimeconfig.json&apos;" date="2025-10-24T12:26:54.212" /><!-- duration: 16ms -->
          <step title="Copying file: &apos;PoFunQuiz.Server.staticwebassets.endpoints.json&apos;" date="2025-10-24T12:26:54.228" /><!-- duration: 0ms -->
          <step title="Copying file: &apos;wwwroot\app.css&apos;" date="2025-10-24T12:26:54.244" /><!-- duration: 0ms -->
          <step title="Copying file: &apos;wwwroot\app.css.br&apos;" date="2025-10-24T12:26:54.244" /><!-- duration: 15ms -->
          <step title="Copying file: &apos;wwwroot\app.css.gz&apos;" date="2025-10-24T12:26:54.259" /><!-- duration: 0ms -->
          <step title="Copying file: &apos;wwwroot\favicon.png&apos;" date="2025-10-24T12:26:54.275" /><!-- duration: 0ms -->
          <step title="Copying file: &apos;wwwroot\icon-192.png&apos;" date="2025-10-24T12:26:54.275" /><!-- duration: 16ms -->
          <step title="Copying file: &apos;wwwroot\index.html&apos;" date="2025-10-24T12:26:54.291" /><!-- duration: 0ms -->
          <step title="Copying file: &apos;wwwroot\index.html.br&apos;" date="2025-10-24T12:26:54.306" /><!-- duration: 0ms -->
          <step title="Copying file: &apos;wwwroot\index.html.gz&apos;" date="2025-10-24T12:26:54.322" /><!-- duration: 0ms -->
          <step title="Copying file: &apos;wwwroot\PoFunQuiz.Client.styles.css&apos;" date="2025-10-24T12:26:54.339" /><!-- duration: 0ms -->
          <step title="Copying file: &apos;wwwroot\PoFunQuiz.Client.styles.css.br&apos;" date="2025-10-24T12:26:54.339" /><!-- duration: 14ms -->
          <step title="Copying file: &apos;wwwroot\PoFunQuiz.Client.styles.css.gz&apos;" date="2025-10-24T12:26:54.353" /><!-- duration: 0ms -->
          <step title="Copying file: &apos;wwwroot\css\app.css&apos;" date="2025-10-24T12:26:54.369" /><!-- duration: 0ms -->
          <step title="Copying file: &apos;wwwroot\css\app.css.br&apos;" date="2025-10-24T12:26:54.369" /><!-- duration: 16ms -->
          <step title="Copying file: &apos;wwwroot\css\app.css.gz&apos;" date="2025-10-24T12:26:54.384" /><!-- duration: 0ms -->
          <step title="Copying file: &apos;wwwroot\css\bottom-nav.css&apos;" date="2025-10-24T12:26:54.400" /><!-- duration: 0ms -->
          <step title="Copying file: &apos;wwwroot\css\bottom-nav.css.br&apos;" date="2025-10-24T12:26:54.400" /><!-- duration: 16ms -->
          <step title="Copying file: &apos;wwwroot\css\bottom-nav.css.gz&apos;" date="2025-10-24T12:26:54.416" /><!-- duration: 0ms -->
          <step title="Copying file: &apos;wwwroot\css\gameboard-mobile.css&apos;" date="2025-10-24T12:26:54.431" /><!-- duration: 0ms -->
          <step title="Copying file: &apos;wwwroot\css\gameboard-mobile.css.br&apos;" date="2025-10-24T12:26:54.447" /><!-- duration: 0ms -->
          <step title="Copying file: &apos;wwwroot\css\gameboard-mobile.css.gz&apos;" date="2025-10-24T12:26:54.447" /><!-- duration: 16ms -->
          <step title="Copying file: &apos;wwwroot\css\mobile-ux.css&apos;" date="2025-10-24T12:26:54.462" /><!-- duration: 0ms -->
          <step title="Copying file: &apos;wwwroot\css\mobile-ux.css.br&apos;" date="2025-10-24T12:26:54.478" /><!-- duration: 0ms -->
          <step title="Copying file: &apos;wwwroot\css\mobile-ux.css.gz&apos;" date="2025-10-24T12:26:54.478" /><!-- duration: 15ms -->
          <step title="Copying file: &apos;wwwroot\images\icon-192.png&apos;" date="2025-10-24T12:26:54.509" /><!-- duration: 16ms -->
          <step title="Copying file: &apos;wwwroot\images\icon-512.png&apos;" date="2025-10-24T12:26:54.525" /><!-- duration: 16ms -->
          <step title="Copying file: &apos;wwwroot\images\icon-maskable-192.png&apos;" date="2025-10-24T12:26:54.541" /><!-- duration: 0ms -->
          <step title="Copying file: &apos;wwwroot\images\icon-maskable-512.png&apos;" date="2025-10-24T12:26:54.556" /><!-- duration: 0ms -->
          <step title="Copying file: &apos;wwwroot\images\placeholder-icons.html&apos;" date="2025-10-24T12:26:54.572" /><!-- duration: 0ms -->
          <step title="Copying file: &apos;wwwroot\images\placeholder-icons.html.br&apos;" date="2025-10-24T12:26:54.572" /><!-- duration: 16ms -->
          <step title="Copying file: &apos;wwwroot\images\placeholder-icons.html.gz&apos;" date="2025-10-24T12:26:54.603" /><!-- duration: 0ms -->
          <step title="Copying file: &apos;wwwroot\images\README.md&apos;" date="2025-10-24T12:26:54.619" /><!-- duration: 0ms -->
          <step title="Copying file: &apos;wwwroot\images\README.md.br&apos;" date="2025-10-24T12:26:54.650" /><!-- duration: 0ms -->
          <step title="Copying file: &apos;wwwroot\images\README.md.gz&apos;" date="2025-10-24T12:26:54.666" /><!-- duration: 0ms -->
          <step title="Copying file: &apos;wwwroot\js\app.js&apos;" date="2025-10-24T12:26:54.681" /><!-- duration: 0ms -->
          <step title="Copying file: &apos;wwwroot\js\app.js.br&apos;" date="2025-10-24T12:26:54.681" /><!-- duration: 16ms -->
          <step title="Copying file: &apos;wwwroot\js\app.js.gz&apos;" date="2025-10-24T12:26:54.697" /><!-- duration: 0ms -->
          <step title="Copying file: &apos;wwwroot\js\gameboard.js&apos;" date="2025-10-24T12:26:54.712" /><!-- duration: 0ms -->
          <step title="Omitting next output lines..." date="2025-10-24T12:26:54.712" /><!-- duration: 0ms -->
          <step title="Finished successfully." date="2025-10-24T12:26:57.213" /><!-- duration: 0ms -->
        </step><!-- duration: 3751ms -->
        <step title="Running post deployment command(s)..." date="2025-10-24T12:26:57.260" /><!-- duration: 0ms -->
        <step title="Triggering recycle (preview mode disabled)." date="2025-10-24T12:26:57.322" /><!-- duration: 0ms -->
        <step title="Ignoring FS watcher based recycle request as this is a classic Windows app." date="2025-10-24T12:26:57.322" /><!-- duration: 16ms -->
        <step title="Deployment successful. DEPLOYMENTINFO: deploymentPath = ZipDeploy. Extract zip. , deployer = ZipDeploy, os = windows, sku = Free, siteName = PoFunQuiz, siteHostName = pofunquiz.azurewebsites.net, deploymentStatus = Success" date="2025-10-24T12:26:57.369" /><!-- duration: 0ms -->
      </step><!-- duration: 4188ms -->
    </step><!-- duration: 4454ms -->
    <step title="Cleaning up temp files" date="2025-10-24T12:26:57.479" /><!-- duration: 16ms -->
    <step title="Skip function trigger and logicapp sync because function is not enabled." date="2025-10-24T12:26:57.510" /><!-- duration: 0ms -->
  </step><!-- duration: 5829ms -->
  <step title="LockFile &apos;C:\home\site\locks\deployments.lock&apos; released" date="2025-10-24T12:26:57.541" /><!-- duration: 0ms -->
  <step title="Deleting shutdown sentinel file" date="2025-10-24T12:26:57.541" SemaphoreCount="8" /><!-- duration: 16ms -->
</step><!-- duration: 5954ms -->
