<step title="BackgroundTrace" date="2025-11-21T02:44:56.591" instance="22a7da" url="/api/zipdeploy" method="POST" >
  <step title="Cleanup Xml Logs" date="2025-11-21T02:44:56.591" /><!-- duration: 16ms -->
  <step title="Updating shutdown sentinel last write time" date="2025-11-21T02:44:56.622" SemaphoreCount="7" /><!-- duration: 0ms -->
  <step title="LockFile &apos;C:\home\site\locks\deployments.lock&apos; acquired" date="2025-11-21T02:44:56.622" /><!-- duration: 16ms -->
  <step title="Creating temporary deployment" date="2025-11-21T02:44:56.638" /><!-- duration: 47ms -->
  <step title="Performing fetch based deployment" date="2025-11-21T02:44:56.700" >
    <step title="Fetching changes." date="2025-11-21T02:44:56.763" /><!-- duration: 15ms -->
    <step title="Starting LocalZipHandler" date="2025-11-21T02:44:56.778" /><!-- duration: 16ms -->
    <step title="Cleaning up temp folders from previous zip deployments and extracting pushed zip file C:\local\Temp\zipdeploy\ckavxdcq.zip (46.01 MB) to C:\local\Temp\zipdeploy\extracted" date="2025-11-21T02:44:56.809" /><!-- duration: 16ms -->
    <step title="Cleaning up temp folders from previous zip deployments and extracting pushed zip file C:\local\Temp\zipdeploy\ckavxdcq.zip (46.01 MB) to C:\local\Temp\zipdeploy\extracted" date="2025-11-21T02:44:56.825" >
      <step title="Renaming extractTargetDirectory(C:\local\Temp\zipdeploy\extracted) to tempDirectory(C:\local\Temp\zipdeploy\yxwhzxz0.yhr)" date="2025-11-21T02:44:56.825" /><!-- duration: 16ms -->
      <step title="Extracting 961 entries to C:\local\Temp\zipdeploy\extracted directory" date="2025-11-21T02:44:56.872" >
        <step title="Extracting to C:\local\Temp\zipdeploy\extracted\BlazorDebugProxy\BrowserDebugHost.dll ..." date="2025-11-21T02:44:56.888" /><!-- duration: 16ms -->
        <step title="Extracting to C:\local\Temp\zipdeploy\extracted\BlazorDebugProxy\BrowserDebugHost.runtimeconfig.json ..." date="2025-11-21T02:44:56.919" /><!-- duration: 0ms -->
        <step title="Extracting to C:\local\Temp\zipdeploy\extracted\BlazorDebugProxy\BrowserDebugProxy.dll ..." date="2025-11-21T02:44:56.919" /><!-- duration: 16ms -->
        <step title="Extracting to C:\local\Temp\zipdeploy\extracted\BlazorDebugProxy\Microsoft.CodeAnalysis.CSharp.dll ..." date="2025-11-21T02:44:56.934" /><!-- duration: 94ms -->
        <step title="Extracting to C:\local\Temp\zipdeploy\extracted\BlazorDebugProxy\Microsoft.CodeAnalysis.CSharp.Scripting.dll ..." date="2025-11-21T02:44:57.028" /><!-- duration: 16ms -->
        <step title="Omitting extracting file traces ..." date="2025-11-21T02:44:57.044" /><!-- duration: 47ms -->
      </step><!-- duration: 1797ms -->
    </step><!-- duration: 1844ms -->
    <step title="Before sending BuildRequestReceived status to /api/updatedeploystatus" date="2025-11-21T02:44:58.684" /><!-- duration: 0ms -->
    <step title="DeploymentManager.Deploy(id:a27bdd3f2d2f41108486e995ccafd63e)" date="2025-11-21T02:44:58.700" >
      <step title="Collecting changeset information" date="2025-11-21T02:44:58.700" /><!-- duration: 47ms -->
      <step title="Updating submodules" date="2025-11-21T02:44:58.747" >
        <step title="Updating submodules." date="2025-11-21T02:44:58.778" /><!-- duration: 0ms -->
      </step><!-- duration: 47ms -->
      <step title="Preparing deployment for commit id &apos;a27bdd3f2d&apos;." date="2025-11-21T02:44:58.825" /><!-- duration: 16ms -->
      <step title="Determining deployment builder" date="2025-11-21T02:44:58.872" >
        <step title="Builder is BasicBuilder" date="2025-11-21T02:44:58.887" /><!-- duration: 16ms -->
      </step><!-- duration: 31ms -->
      <step title="Copying SSH keys" date="2025-11-21T02:44:58.934" /><!-- duration: 0ms -->
      <step title="Building" date="2025-11-21T02:44:58.950" >
        <step title="Generating deployment script." date="2025-11-21T02:44:58.981" /><!-- duration: 0ms -->
        <step title="Generating deployment script" date="2025-11-21T02:44:58.997" >
          <step title="Using cached version of the deployment script for command: -y --no-dot-deployment -r &quot;C:\local\Temp\zipdeploy\extracted&quot; -o &quot;C:\home\site\deployments\tools&quot; --basic --sitePath &quot;C:\local\Temp\zipdeploy\extracted&quot;" date="2025-11-21T02:44:59.044" /><!-- duration: 0ms -->
          <step title="Using cached version of deployment script (command: &apos;azure -y --no-dot-deployment -r &quot;C:\local\Temp\zipdeploy\extracted&quot; -o &quot;C:\home\site\deployments\tools&quot; --basic --sitePath &quot;C:\local\Temp\zipdeploy\extracted&quot;&apos;)." date="2025-11-21T02:44:59.059" /><!-- duration: 0ms -->
        </step><!-- duration: 63ms -->
        <step title="Running deployment command..." date="2025-11-21T02:44:59.106" /><!-- duration: 0ms -->
        <step title="Command: &quot;C:\home\site\deployments\tools\deploy.cmd&quot;" date="2025-11-21T02:44:59.137" /><!-- duration: 16ms -->
        <step title="Executing external process" date="2025-11-21T02:44:59.169" type="process" path="starter.cmd" arguments="&quot;C:\home\site\deployments\tools\deploy.cmd&quot;" >
          <step title="Handling Basic Web Site deployment." date="2025-11-21T02:44:59.341" /><!-- duration: 0ms -->
          <step title="Creating app_offline.htm" date="2025-11-21T02:44:59.826" /><!-- duration: 0ms -->
          <step title="KuduSync.NET from: &apos;C:\local\Temp\zipdeploy\extracted&apos; to: &apos;C:\home\site\wwwroot&apos;" date="2025-11-21T02:44:59.841" /><!-- duration: 0ms -->
          <step title="Deleting file: &apos;PoFunQuiz.Api&apos;" date="2025-11-21T02:44:59.857" /><!-- duration: 0ms -->
          <step title="Copying file: &apos;appsettings.json&apos;" date="2025-11-21T02:44:59.904" /><!-- duration: 16ms -->
          <step title="Copying file: &apos;Azure.AI.OpenAI.dll&apos;" date="2025-11-21T02:44:59.919" /><!-- duration: 31ms -->
          <step title="Copying file: &apos;Azure.Core.dll&apos;" date="2025-11-21T02:44:59.966" /><!-- duration: 0ms -->
          <step title="Copying file: &apos;Azure.Data.Tables.dll&apos;" date="2025-11-21T02:44:59.982" /><!-- duration: 0ms -->
          <step title="Copying file: &apos;Azure.Extensions.AspNetCore.Configuration.Secrets.dll&apos;" date="2025-11-21T02:44:59.997" /><!-- duration: 0ms -->
          <step title="Copying file: &apos;Azure.Identity.dll&apos;" date="2025-11-21T02:45:00.013" /><!-- duration: 0ms -->
          <step title="Copying file: &apos;Azure.Security.KeyVault.Secrets.dll&apos;" date="2025-11-21T02:45:00.029" /><!-- duration: 0ms -->
          <step title="Copying file: &apos;FluentValidation.dll&apos;" date="2025-11-21T02:45:00.044" /><!-- duration: 0ms -->
          <step title="Copying file: &apos;Microsoft.AI.DependencyCollector.dll&apos;" date="2025-11-21T02:45:00.060" /><!-- duration: 0ms -->
          <step title="Copying file: &apos;Microsoft.AI.EventCounterCollector.dll&apos;" date="2025-11-21T02:45:00.060" /><!-- duration: 16ms -->
          <step title="Copying file: &apos;Microsoft.AI.PerfCounterCollector.dll&apos;" date="2025-11-21T02:45:00.076" /><!-- duration: 0ms -->
          <step title="Copying file: &apos;Microsoft.AI.ServerTelemetryChannel.dll&apos;" date="2025-11-21T02:45:00.091" /><!-- duration: 0ms -->
          <step title="Copying file: &apos;Microsoft.AI.WindowsServer.dll&apos;" date="2025-11-21T02:45:00.091" /><!-- duration: 16ms -->
          <step title="Copying file: &apos;Microsoft.ApplicationInsights.AspNetCore.dll&apos;" date="2025-11-21T02:45:00.107" /><!-- duration: 0ms -->
          <step title="Copying file: &apos;Microsoft.ApplicationInsights.dll&apos;" date="2025-11-21T02:45:00.122" /><!-- duration: 0ms -->
          <step title="Copying file: &apos;Microsoft.AspNetCore.Authorization.dll&apos;" date="2025-11-21T02:45:00.122" /><!-- duration: 16ms -->
          <step title="Copying file: &apos;Microsoft.AspNetCore.Components.dll&apos;" date="2025-11-21T02:45:00.138" /><!-- duration: 31ms -->
          <step title="Copying file: &apos;Microsoft.AspNetCore.Components.Forms.dll&apos;" date="2025-11-21T02:45:00.294" /><!-- duration: 0ms -->
          <step title="Copying file: &apos;Microsoft.AspNetCore.Components.Web.dll&apos;" date="2025-11-21T02:45:00.310" /><!-- duration: 0ms -->
          <step title="Copying file: &apos;Microsoft.AspNetCore.Components.WebAssembly.dll&apos;" date="2025-11-21T02:45:00.310" /><!-- duration: 16ms -->
          <step title="Copying file: &apos;Microsoft.AspNetCore.Components.WebAssembly.Server.dll&apos;" date="2025-11-21T02:45:00.326" /><!-- duration: 0ms -->
          <step title="Copying file: &apos;Microsoft.AspNetCore.Http.Connections.Client.dll&apos;" date="2025-11-21T02:45:00.341" /><!-- duration: 0ms -->
          <step title="Copying file: &apos;Microsoft.AspNetCore.Metadata.dll&apos;" date="2025-11-21T02:45:00.357" /><!-- duration: 0ms -->
          <step title="Copying file: &apos;Microsoft.AspNetCore.OpenApi.dll&apos;" date="2025-11-21T02:45:00.357" /><!-- duration: 0ms -->
          <step title="Copying file: &apos;Microsoft.AspNetCore.SignalR.Client.Core.dll&apos;" date="2025-11-21T02:45:00.372" /><!-- duration: 0ms -->
          <step title="Copying file: &apos;Microsoft.AspNetCore.SignalR.Client.dll&apos;" date="2025-11-21T02:45:00.388" /><!-- duration: 0ms -->
          <step title="Copying file: &apos;Microsoft.Azure.SignalR.Common.dll&apos;" date="2025-11-21T02:45:00.419" /><!-- duration: 0ms -->
          <step title="Copying file: &apos;Microsoft.Azure.SignalR.dll&apos;" date="2025-11-21T02:45:00.435" /><!-- duration: 0ms -->
          <step title="Copying file: &apos;Microsoft.Azure.SignalR.Protocols.dll&apos;" date="2025-11-21T02:45:00.451" /><!-- duration: 0ms -->
          <step title="Copying file: &apos;Microsoft.Bcl.AsyncInterfaces.dll&apos;" date="2025-11-21T02:45:00.451" /><!-- duration: 16ms -->
          <step title="Copying file: &apos;Microsoft.Extensions.Configuration.Abstractions.dll&apos;" date="2025-11-21T02:45:00.466" /><!-- duration: 0ms -->
          <step title="Copying file: &apos;Microsoft.Extensions.DependencyInjection.Abstractions.dll&apos;" date="2025-11-21T02:45:00.482" /><!-- duration: 0ms -->
          <step title="Copying file: &apos;Microsoft.Extensions.DependencyInjection.dll&apos;" date="2025-11-21T02:45:00.482" /><!-- duration: 16ms -->
          <step title="Copying file: &apos;Microsoft.Extensions.DependencyModel.dll&apos;" date="2025-11-21T02:45:00.497" /><!-- duration: 16ms -->
          <step title="Copying file: &apos;Microsoft.Extensions.Logging.Abstractions.dll&apos;" date="2025-11-21T02:45:00.513" /><!-- duration: 0ms -->
          <step title="Copying file: &apos;Microsoft.Extensions.Logging.ApplicationInsights.dll&apos;" date="2025-11-21T02:45:00.529" /><!-- duration: 0ms -->
          <step title="Copying file: &apos;Microsoft.Extensions.Options.dll&apos;" date="2025-11-21T02:45:00.544" /><!-- duration: 0ms -->
          <step title="Copying file: &apos;Microsoft.Extensions.Primitives.dll&apos;" date="2025-11-21T02:45:00.560" /><!-- duration: 0ms -->
          <step title="Copying file: &apos;Microsoft.Identity.Client.dll&apos;" date="2025-11-21T02:45:00.560" /><!-- duration: 16ms -->
          <step title="Copying file: &apos;Microsoft.Identity.Client.Extensions.Msal.dll&apos;" date="2025-11-21T02:45:00.576" /><!-- duration: 0ms -->
          <step title="Copying file: &apos;Microsoft.IdentityModel.Abstractions.dll&apos;" date="2025-11-21T02:45:00.591" /><!-- duration: 0ms -->
          <step title="Copying file: &apos;Microsoft.JSInterop.dll&apos;" date="2025-11-21T02:45:00.591" /><!-- duration: 0ms -->
          <step title="Copying file: &apos;Microsoft.JSInterop.WebAssembly.dll&apos;" date="2025-11-21T02:45:00.607" /><!-- duration: 0ms -->
          <step title="Copying file: &apos;Microsoft.OpenApi.dll&apos;" date="2025-11-21T02:45:00.607" /><!-- duration: 16ms -->
          <step title="Copying file: &apos;Microsoft.Win32.SystemEvents.dll&apos;" date="2025-11-21T02:45:00.622" /><!-- duration: 0ms -->
          <step title="Copying file: &apos;Newtonsoft.Json.dll&apos;" date="2025-11-21T02:45:00.638" /><!-- duration: 0ms -->
          <step title="Copying file: &apos;OpenAI.dll&apos;" date="2025-11-21T02:45:00.654" /><!-- duration: 0ms -->
          <step title="Omitting next output lines..." date="2025-11-21T02:45:00.669" /><!-- duration: 0ms -->
          <step title="Finished successfully." date="2025-11-21T02:45:11.598" /><!-- duration: 0ms -->
        </step><!-- duration: 12445ms -->
        <step title="Running post deployment command(s)..." date="2025-11-21T02:45:11.645" /><!-- duration: 16ms -->
        <step title="Triggering recycle (preview mode disabled)." date="2025-11-21T02:45:11.708" /><!-- duration: 0ms -->
        <step title="Ignoring FS watcher based recycle request as this is a classic Windows app." date="2025-11-21T02:45:11.723" /><!-- duration: 0ms -->
        <step title="Deployment successful. DEPLOYMENTINFO: deploymentPath = ZipDeploy. Extract zip. , deployer = ZipDeploy, os = windows, sku = Free, siteName = PoFunQuiz, siteHostName = pofunquiz.azurewebsites.net, deploymentStatus = Success" date="2025-11-21T02:45:11.770" /><!-- duration: 0ms -->
        <step title="Purge deployment items" date="2025-11-21T02:45:11.879" >
          <step title="Remove 15a189821, Success, received at 10/22/2025 8:16:37 PM" date="2025-11-21T02:45:11.926" /><!-- duration: 16ms -->
        </step><!-- duration: 63ms -->
      </step><!-- duration: 13008ms -->
    </step><!-- duration: 13273ms -->
    <step title="Cleaning up temp files" date="2025-11-21T02:45:11.973" /><!-- duration: 0ms -->
    <step title="Skip function trigger and logicapp sync because function is not enabled." date="2025-11-21T02:45:11.989" /><!-- duration: 16ms -->
  </step><!-- duration: 15320ms -->
  <step title="LockFile &apos;C:\home\site\locks\deployments.lock&apos; released" date="2025-11-21T02:45:12.020" /><!-- duration: 0ms -->
  <step title="Deleting shutdown sentinel file" date="2025-11-21T02:45:12.036" SemaphoreCount="8" /><!-- duration: 0ms -->
</step><!-- duration: 15445ms -->
