<step title="Incoming Request" date="2025-10-24T12:39:07.372" instance="c01540" url="/api/zipdeploy?isAsync=true" method="POST" type="request" pid="9200,2,7" Cache-Control="no-cache" Connection="Keep-Alive" Content-Length="29423072" Content-Type="application/octet-stream" Accept="*/*" Accept-Encoding="gzip, deflate" Authorization="Bea..." Host="pofunquiz.scm.azurewebsites.net" User-Agent="AZURECLI/2.77.0 (DEB)" x-ms-client-request-id="69cd840c-b0d6-11f0-a35e-7ced8d3d18bf" X-ARR-LOG-ID="69cd840c-b0d6-11f0-a35e-7ced8d3d18bf" CLIENT-IP="172.184.210.210:27648" X-SITE-DEPLOYMENT-ID="PoFunQuiz" WAS-DEFAULT-HOSTNAME="pofunquiz.scm.azurewebsites.net" X-Forwarded-Proto="https" X-AppService-Proto="https" X-Forwarded-TlsVersion="1.3" X-WAWS-Unencoded-URL="/api/zipdeploy?isAsync=true" X-MS-COLDSTART="1" >
  <step title="ZipPushDeploy" date="2025-10-24T12:39:07.966" >
    <step title="ZipDeploy. Extract zip. " date="2025-10-24T12:39:07.997" /><!-- duration: 0ms -->
    <step title="Starting PushDeployAsync" date="2025-10-24T12:39:07.997" /><!-- duration: 16ms -->
    <step title="Updating shutdown sentinel last write time" date="2025-10-24T12:39:08.060" SemaphoreCount="7" /><!-- duration: 16ms -->
    <step title="LockFile &apos;C:\home\site\locks\deployments.lock&apos; acquired" date="2025-10-24T12:39:08.075" /><!-- duration: 0ms -->
    <step title="Saving request content to C:\local\Temp\zipdeploy\vzt0xbuh.zip" date="2025-10-24T12:39:08.091" >
      <step title="Total 29,423,072 bytes written to C:\local\Temp\zipdeploy\vzt0xbuh.zip" date="2025-10-24T12:39:09.450" /><!-- duration: 16ms -->
    </step><!-- duration: 1375ms -->
    <step title="LockFile &apos;C:\home\site\locks\deployments.lock&apos; released" date="2025-10-24T12:39:09.482" /><!-- duration: 0ms -->
    <step title="Deleting shutdown sentinel file" date="2025-10-24T12:39:09.482" SemaphoreCount="8" /><!-- duration: 0ms -->
    <step title="Starting FetchDeploy" date="2025-10-24T12:39:09.497" /><!-- duration: 0ms -->
    <step title="Start deployment in the background" date="2025-10-24T12:39:09.497" /><!-- duration: 94ms -->
  </step><!-- duration: 1641ms -->
  <step title="Outgoing response" date="2025-10-24T12:39:09.653" type="response" statusCode="202" statusText="Accepted" Server="Microsoft-IIS/10.0" x-ms-request-id="69cd840c-b0d6-11f0-a35e-7ced8d3d18bf" Retry-After="30" Cache-Control="private" X-AspNet-Version="4.0.30319" Location="https://pofunquiz.scm.azurewebsites.net/api/deployments/latest?deployer=ZipDeploy&amp;time=2025-10-24_12-39-09Z" /><!-- duration: 0ms -->
</step><!-- duration: 2281ms -->
