<step title="BackgroundTrace" date="2025-10-23T00:52:32.937" instance="c01540" url="/api/zipdeploy" method="POST" >
  <step title="Updating shutdown sentinel last write time" date="2025-10-23T00:52:32.953" SemaphoreCount="7" /><!-- duration: 0ms -->
  <step title="LockFile &apos;C:\home\site\locks\deployments.lock&apos; acquired" date="2025-10-23T00:52:32.968" /><!-- duration: 0ms -->
  <step title="Creating temporary deployment" date="2025-10-23T00:52:32.984" /><!-- duration: 47ms -->
  <step title="Performing fetch based deployment" date="2025-10-23T00:52:33.047" >
    <step title="Fetching changes." date="2025-10-23T00:52:33.109" /><!-- duration: 16ms -->
    <step title="Starting LocalZipHandler" date="2025-10-23T00:52:33.125" /><!-- duration: 0ms -->
    <step title="Cleaning up temp folders from previous zip deployments and extracting pushed zip file C:\local\Temp\zipdeploy\w32wis2s.zip (23.01 MB) to C:\local\Temp\zipdeploy\extracted" date="2025-10-23T00:52:33.156" /><!-- duration: 0ms -->
    <step title="Cleaning up temp folders from previous zip deployments and extracting pushed zip file C:\local\Temp\zipdeploy\w32wis2s.zip (23.01 MB) to C:\local\Temp\zipdeploy\extracted" date="2025-10-23T00:52:33.156" >
      <step title="Renaming extractTargetDirectory(C:\local\Temp\zipdeploy\extracted) to tempDirectory(C:\local\Temp\zipdeploy\5kgz5e3l.iso)" date="2025-10-23T00:52:33.172" /><!-- duration: 0ms -->
      <step title="Extracting 453 entries to C:\local\Temp\zipdeploy\extracted directory" date="2025-10-23T00:52:33.187" >
        <step title="Extracting to C:\local\Temp\zipdeploy\extracted\Microsoft.Extensions.Configuration.FileExtensions.dll ..." date="2025-10-23T00:52:33.203" /><!-- duration: 0ms -->
        <step title="Extracting to C:\local\Temp\zipdeploy\extracted\Microsoft.Extensions.Primitives.dll ..." date="2025-10-23T00:52:33.218" /><!-- duration: 0ms -->
        <step title="Extracting to C:\local\Temp\zipdeploy\extracted\PoFunQuiz.Server.pdb ..." date="2025-10-23T00:52:33.218" /><!-- duration: 16ms -->
        <step title="Extracting to C:\local\Temp\zipdeploy\extracted\Microsoft.AI.ServerTelemetryChannel.dll ..." date="2025-10-23T00:52:33.234" /><!-- duration: 0ms -->
        <step title="Extracting to C:\local\Temp\zipdeploy\extracted\Microsoft.Extensions.DependencyInjection.dll ..." date="2025-10-23T00:52:33.234" /><!-- duration: 16ms -->
        <step title="Omitting extracting file traces ..." date="2025-10-23T00:52:33.250" /><!-- duration: 16ms -->
      </step><!-- duration: 953ms -->
    </step><!-- duration: 984ms -->
    <step title="Before sending BuildRequestReceived status to /api/updatedeploystatus" date="2025-10-23T00:52:34.140" /><!-- duration: 16ms -->
    <step title="DeploymentManager.Deploy(id:28713a403221450a9cddb31e62a80430)" date="2025-10-23T00:52:34.156" >
      <step title="Collecting changeset information" date="2025-10-23T00:52:34.203" /><!-- duration: 31ms -->
      <step title="Updating submodules" date="2025-10-23T00:52:34.234" >
        <step title="Updating submodules." date="2025-10-23T00:52:34.281" /><!-- duration: 0ms -->
      </step><!-- duration: 47ms -->
      <step title="Preparing deployment for commit id &apos;28713a4032&apos;." date="2025-10-23T00:52:34.328" /><!-- duration: 0ms -->
      <step title="Determining deployment builder" date="2025-10-23T00:52:34.362" >
        <step title="Builder is BasicBuilder" date="2025-10-23T00:52:34.375" /><!-- duration: 0ms -->
      </step><!-- duration: 13ms -->
      <step title="Copying SSH keys" date="2025-10-23T00:52:34.390" /><!-- duration: 16ms -->
      <step title="Building" date="2025-10-23T00:52:34.406" >
        <step title="Generating deployment script." date="2025-10-23T00:52:34.437" /><!-- duration: 16ms -->
        <step title="Generating deployment script" date="2025-10-23T00:52:34.453" >
          <step title="Using cached version of the deployment script for command: -y --no-dot-deployment -r &quot;C:\local\Temp\zipdeploy\extracted&quot; -o &quot;C:\home\site\deployments\tools&quot; --basic --sitePath &quot;C:\local\Temp\zipdeploy\extracted&quot;" date="2025-10-23T00:52:34.500" /><!-- duration: 0ms -->
          <step title="Using cached version of deployment script (command: &apos;azure -y --no-dot-deployment -r &quot;C:\local\Temp\zipdeploy\extracted&quot; -o &quot;C:\home\site\deployments\tools&quot; --basic --sitePath &quot;C:\local\Temp\zipdeploy\extracted&quot;&apos;)." date="2025-10-23T00:52:34.515" /><!-- duration: 0ms -->
        </step><!-- duration: 62ms -->
        <step title="Running deployment command..." date="2025-10-23T00:52:34.547" /><!-- duration: 16ms -->
        <step title="Command: &quot;C:\home\site\deployments\tools\deploy.cmd&quot;" date="2025-10-23T00:52:34.578" /><!-- duration: 16ms -->
        <step title="Executing external process" date="2025-10-23T00:52:34.609" type="process" path="starter.cmd" arguments="&quot;C:\home\site\deployments\tools\deploy.cmd&quot;" >
          <step title="Handling Basic Web Site deployment." date="2025-10-23T00:52:34.797" /><!-- duration: 0ms -->
          <step title="Creating app_offline.htm" date="2025-10-23T00:52:35.093" /><!-- duration: 0ms -->
          <step title="KuduSync.NET from: &apos;C:\local\Temp\zipdeploy\extracted&apos; to: &apos;C:\home\site\wwwroot&apos;" date="2025-10-23T00:52:35.109" /><!-- duration: 0ms -->
          <step title="Copying file: &apos;appsettings.json&apos;" date="2025-10-23T00:52:35.109" /><!-- duration: 16ms -->
          <step title="Copying file: &apos;PoFunQuiz.Client.dll&apos;" date="2025-10-23T00:52:35.125" /><!-- duration: 0ms -->
          <step title="Copying file: &apos;PoFunQuiz.Core.dll&apos;" date="2025-10-23T00:52:35.140" /><!-- duration: 0ms -->
          <step title="Copying file: &apos;PoFunQuiz.Infrastructure.dll&apos;" date="2025-10-23T00:52:35.140" /><!-- duration: 0ms -->
          <step title="Copying file: &apos;PoFunQuiz.Infrastructure.pdb&apos;" date="2025-10-23T00:52:35.156" /><!-- duration: 0ms -->
          <step title="Copying file: &apos;PoFunQuiz.Server&apos;" date="2025-10-23T00:52:35.156" /><!-- duration: 16ms -->
          <step title="Copying file: &apos;PoFunQuiz.Server.deps.json&apos;" date="2025-10-23T00:52:35.172" /><!-- duration: 0ms -->
          <step title="Copying file: &apos;PoFunQuiz.Server.dll&apos;" date="2025-10-23T00:52:35.172" /><!-- duration: 16ms -->
          <step title="Copying file: &apos;PoFunQuiz.Server.pdb&apos;" date="2025-10-23T00:52:35.187" /><!-- duration: 0ms -->
          <step title="Copying file: &apos;PoFunQuiz.Server.runtimeconfig.json&apos;" date="2025-10-23T00:52:35.203" /><!-- duration: 0ms -->
          <step title="Copying file: &apos;PoFunQuiz.Server.staticwebassets.endpoints.json&apos;" date="2025-10-23T00:52:35.218" /><!-- duration: 0ms -->
          <step title="Copying file: &apos;wwwroot\app.css&apos;" date="2025-10-23T00:52:35.218" /><!-- duration: 0ms -->
          <step title="Copying file: &apos;wwwroot\app.css.br&apos;" date="2025-10-23T00:52:35.234" /><!-- duration: 0ms -->
          <step title="Copying file: &apos;wwwroot\app.css.gz&apos;" date="2025-10-23T00:52:35.250" /><!-- duration: 0ms -->
          <step title="Copying file: &apos;wwwroot\favicon.png&apos;" date="2025-10-23T00:52:35.250" /><!-- duration: 0ms -->
          <step title="Copying file: &apos;wwwroot\icon-192.png&apos;" date="2025-10-23T00:52:35.265" /><!-- duration: 0ms -->
          <step title="Copying file: &apos;wwwroot\index.html&apos;" date="2025-10-23T00:52:35.265" /><!-- duration: 16ms -->
          <step title="Copying file: &apos;wwwroot\index.html.br&apos;" date="2025-10-23T00:52:35.281" /><!-- duration: 0ms -->
          <step title="Copying file: &apos;wwwroot\index.html.gz&apos;" date="2025-10-23T00:52:35.297" /><!-- duration: 0ms -->
          <step title="Copying file: &apos;wwwroot\manifest.webmanifest&apos;" date="2025-10-23T00:52:35.297" /><!-- duration: 0ms -->
          <step title="Copying file: &apos;wwwroot\manifest.webmanifest.br&apos;" date="2025-10-23T00:52:35.312" /><!-- duration: 0ms -->
          <step title="Copying file: &apos;wwwroot\manifest.webmanifest.gz&apos;" date="2025-10-23T00:52:35.328" /><!-- duration: 0ms -->
          <step title="Copying file: &apos;wwwroot\offline.html&apos;" date="2025-10-23T00:52:35.328" /><!-- duration: 16ms -->
          <step title="Copying file: &apos;wwwroot\offline.html.br&apos;" date="2025-10-23T00:52:35.343" /><!-- duration: 0ms -->
          <step title="Copying file: &apos;wwwroot\offline.html.gz&apos;" date="2025-10-23T00:52:35.359" /><!-- duration: 0ms -->
          <step title="Copying file: &apos;wwwroot\PoFunQuiz.Client.styles.css&apos;" date="2025-10-23T00:52:35.359" /><!-- duration: 0ms -->
          <step title="Copying file: &apos;wwwroot\PoFunQuiz.Client.styles.css.br&apos;" date="2025-10-23T00:52:35.375" /><!-- duration: 0ms -->
          <step title="Copying file: &apos;wwwroot\PoFunQuiz.Client.styles.css.gz&apos;" date="2025-10-23T00:52:35.375" /><!-- duration: 16ms -->
          <step title="Copying file: &apos;wwwroot\service-worker.js&apos;" date="2025-10-23T00:52:35.390" /><!-- duration: 0ms -->
          <step title="Copying file: &apos;wwwroot\service-worker.js.br&apos;" date="2025-10-23T00:52:35.406" /><!-- duration: 0ms -->
          <step title="Copying file: &apos;wwwroot\service-worker.js.gz&apos;" date="2025-10-23T00:52:35.406" /><!-- duration: 16ms -->
          <step title="Copying file: &apos;wwwroot\css\app.css&apos;" date="2025-10-23T00:52:35.422" /><!-- duration: 0ms -->
          <step title="Copying file: &apos;wwwroot\css\app.css.br&apos;" date="2025-10-23T00:52:35.437" /><!-- duration: 0ms -->
          <step title="Copying file: &apos;wwwroot\css\app.css.gz&apos;" date="2025-10-23T00:52:35.437" /><!-- duration: 16ms -->
          <step title="Copying file: &apos;wwwroot\css\gameboard-mobile.css&apos;" date="2025-10-23T00:52:35.453" /><!-- duration: 0ms -->
          <step title="Copying file: &apos;wwwroot\css\gameboard-mobile.css.br&apos;" date="2025-10-23T00:52:35.468" /><!-- duration: 0ms -->
          <step title="Copying file: &apos;wwwroot\css\gameboard-mobile.css.gz&apos;" date="2025-10-23T00:52:35.468" /><!-- duration: 16ms -->
          <step title="Copying file: &apos;wwwroot\images\icon-192.png&apos;" date="2025-10-23T00:52:35.484" /><!-- duration: 0ms -->
          <step title="Copying file: &apos;wwwroot\images\icon-512.png&apos;" date="2025-10-23T00:52:35.500" /><!-- duration: 0ms -->
          <step title="Copying file: &apos;wwwroot\images\icon-maskable-192.png&apos;" date="2025-10-23T00:52:35.500" /><!-- duration: 0ms -->
          <step title="Copying file: &apos;wwwroot\images\icon-maskable-512.png&apos;" date="2025-10-23T00:52:35.516" /><!-- duration: 78ms -->
          <step title="Copying file: &apos;wwwroot\images\placeholder-icons.html&apos;" date="2025-10-23T00:52:35.594" /><!-- duration: 0ms -->
          <step title="Copying file: &apos;wwwroot\images\placeholder-icons.html.br&apos;" date="2025-10-23T00:52:35.610" /><!-- duration: 0ms -->
          <step title="Copying file: &apos;wwwroot\images\placeholder-icons.html.gz&apos;" date="2025-10-23T00:52:35.625" /><!-- duration: 0ms -->
          <step title="Copying file: &apos;wwwroot\images\README.md&apos;" date="2025-10-23T00:52:35.641" /><!-- duration: 0ms -->
          <step title="Copying file: &apos;wwwroot\images\README.md.br&apos;" date="2025-10-23T00:52:35.641" /><!-- duration: 16ms -->
          <step title="Copying file: &apos;wwwroot\images\README.md.gz&apos;" date="2025-10-23T00:52:35.656" /><!-- duration: 0ms -->
          <step title="Copying file: &apos;wwwroot\js\app.js&apos;" date="2025-10-23T00:52:35.672" /><!-- duration: 0ms -->
          <step title="Omitting next output lines..." date="2025-10-23T00:52:35.688" /><!-- duration: 0ms -->
          <step title="Finished successfully." date="2025-10-23T00:52:37.345" /><!-- duration: 16ms -->
        </step><!-- duration: 2751ms -->
        <step title="Running post deployment command(s)..." date="2025-10-23T00:52:37.392" /><!-- duration: 0ms -->
        <step title="Triggering recycle (preview mode disabled)." date="2025-10-23T00:52:37.454" /><!-- duration: 0ms -->
        <step title="Ignoring FS watcher based recycle request as this is a classic Windows app." date="2025-10-23T00:52:37.454" /><!-- duration: 0ms -->
        <step title="Deployment successful. DEPLOYMENTINFO: deploymentPath = ZipDeploy. Extract zip. , deployer = ZipDeploy, os = windows, sku = Free, siteName = PoFunQuiz, siteHostName = pofunquiz.azurewebsites.net, deploymentStatus = Success" date="2025-10-23T00:52:37.501" /><!-- duration: 0ms -->
      </step><!-- duration: 3236ms -->
    </step><!-- duration: 3501ms -->
    <step title="Cleaning up temp files" date="2025-10-23T00:52:37.657" /><!-- duration: 0ms -->
    <step title="Skip function trigger and logicapp sync because function is not enabled." date="2025-10-23T00:52:37.673" /><!-- duration: 0ms -->
  </step><!-- duration: 4658ms -->
  <step title="LockFile &apos;C:\home\site\locks\deployments.lock&apos; released" date="2025-10-23T00:52:37.704" /><!-- duration: 16ms -->
  <step title="Deleting shutdown sentinel file" date="2025-10-23T00:52:37.720" SemaphoreCount="8" /><!-- duration: 0ms -->
</step><!-- duration: 4783ms -->
