<step title="Incoming Request" date="2025-10-23T13:05:35.836" instance="c01540" url="/api/zipdeploy?isAsync=true" method="POST" type="request" pid="11004,2,9" Cache-Control="no-cache" Content-Length="29400657" Content-Type="application/octet-stream" Accept="*/*" Accept-Encoding="gzip, deflate" Authorization="Bea..." Host="pofunquiz.scm.azurewebsites.net" User-Agent="AZURECLI/2.77.0 (DEB)" x-ms-client-request-id="f20354c6-b010-11f0-a35e-7c1e5224d902" X-ARR-LOG-ID="f20354c6-b010-11f0-a35e-7c1e5224d902" CLIENT-IP="20.168.109.86:15408" X-SITE-DEPLOYMENT-ID="PoFunQuiz" WAS-DEFAULT-HOSTNAME="pofunquiz.scm.azurewebsites.net" X-Forwarded-Proto="https" X-AppService-Proto="https" X-Forwarded-TlsVersion="1.3" X-WAWS-Unencoded-URL="/api/zipdeploy?isAsync=true" >
  <step title="ZipPushDeploy" date="2025-10-23T13:05:36.133" >
    <step title="ZipDeploy. Extract zip. " date="2025-10-23T13:05:36.148" /><!-- duration: 16ms -->
    <step title="Starting PushDeployAsync" date="2025-10-23T13:05:36.164" /><!-- duration: 0ms -->
    <step title="Updating shutdown sentinel last write time" date="2025-10-23T13:05:36.227" SemaphoreCount="7" /><!-- duration: 0ms -->
    <step title="LockFile &apos;C:\home\site\locks\deployments.lock&apos; acquired" date="2025-10-23T13:05:36.227" /><!-- duration: 16ms -->
    <step title="Saving request content to C:\local\Temp\zipdeploy\ex5fml5c.zip" date="2025-10-23T13:05:36.242" >
      <step title="Total 29,400,657 bytes written to C:\local\Temp\zipdeploy\ex5fml5c.zip" date="2025-10-23T13:05:36.836" /><!-- duration: 16ms -->
    </step><!-- duration: 609ms -->
    <step title="LockFile &apos;C:\home\site\locks\deployments.lock&apos; released" date="2025-10-23T13:05:36.852" /><!-- duration: 16ms -->
    <step title="Deleting shutdown sentinel file" date="2025-10-23T13:05:36.867" SemaphoreCount="8" /><!-- duration: 16ms -->
    <step title="Starting FetchDeploy" date="2025-10-23T13:05:36.883" /><!-- duration: 0ms -->
    <step title="Start deployment in the background" date="2025-10-23T13:05:36.898" /><!-- duration: 78ms -->
  </step><!-- duration: 859ms -->
  <step title="Outgoing response" date="2025-10-23T13:05:37.039" type="response" statusCode="202" statusText="Accepted" Server="Microsoft-IIS/10.0" x-ms-request-id="f20354c6-b010-11f0-a35e-7c1e5224d902" Retry-After="30" Cache-Control="private" X-AspNet-Version="4.0.30319" Location="https://pofunquiz.scm.azurewebsites.net/api/deployments/latest?deployer=ZipDeploy&amp;time=2025-10-23_13-05-36Z" /><!-- duration: 0ms -->
</step><!-- duration: 1203ms -->
