<step title="BackgroundTrace" date="2025-10-22T20:16:36.407" instance="c01540" url="/api/zipdeploy" method="POST" >
  <step title="Updating shutdown sentinel last write time" date="2025-10-22T20:16:36.422" SemaphoreCount="7" /><!-- duration: 0ms -->
  <step title="LockFile &apos;C:\home\site\locks\deployments.lock&apos; acquired" date="2025-10-22T20:16:36.438" /><!-- duration: 0ms -->
  <step title="Creating temporary deployment" date="2025-10-22T20:16:36.438" /><!-- duration: 47ms -->
  <step title="Performing fetch based deployment" date="2025-10-22T20:16:36.500" >
    <step title="Fetching changes." date="2025-10-22T20:16:36.563" /><!-- duration: 16ms -->
    <step title="Starting LocalZipHandler" date="2025-10-22T20:16:36.579" /><!-- duration: 16ms -->
    <step title="Cleaning up temp folders from previous zip deployments and extracting pushed zip file C:\local\Temp\zipdeploy\3vjjecil.zip (23.01 MB) to C:\local\Temp\zipdeploy\extracted" date="2025-10-22T20:16:36.625" /><!-- duration: 0ms -->
    <step title="Cleaning up temp folders from previous zip deployments and extracting pushed zip file C:\local\Temp\zipdeploy\3vjjecil.zip (23.01 MB) to C:\local\Temp\zipdeploy\extracted" date="2025-10-22T20:16:36.625" >
      <step title="Renaming extractTargetDirectory(C:\local\Temp\zipdeploy\extracted) to tempDirectory(C:\local\Temp\zipdeploy\awd5jhnr.cas)" date="2025-10-22T20:16:36.641" /><!-- duration: 0ms -->
      <step title="Extracting 453 entries to C:\local\Temp\zipdeploy\extracted directory" date="2025-10-22T20:16:36.657" >
        <step title="Extracting to C:\local\Temp\zipdeploy\extracted\Microsoft.Extensions.Configuration.FileExtensions.dll ..." date="2025-10-22T20:16:36.672" /><!-- duration: 16ms -->
        <step title="Extracting to C:\local\Temp\zipdeploy\extracted\Microsoft.Extensions.Primitives.dll ..." date="2025-10-22T20:16:36.688" /><!-- duration: 0ms -->
        <step title="Extracting to C:\local\Temp\zipdeploy\extracted\PoFunQuiz.Server.pdb ..." date="2025-10-22T20:16:36.703" /><!-- duration: 0ms -->
        <step title="Extracting to C:\local\Temp\zipdeploy\extracted\Microsoft.AI.ServerTelemetryChannel.dll ..." date="2025-10-22T20:16:36.703" /><!-- duration: 16ms -->
        <step title="Extracting to C:\local\Temp\zipdeploy\extracted\Microsoft.Extensions.DependencyInjection.dll ..." date="2025-10-22T20:16:36.719" /><!-- duration: 0ms -->
        <step title="Omitting extracting file traces ..." date="2025-10-22T20:16:36.735" /><!-- duration: 0ms -->
      </step><!-- duration: 953ms -->
    </step><!-- duration: 984ms -->
    <step title="Before sending BuildRequestReceived status to /api/updatedeploystatus" date="2025-10-22T20:16:37.625" /><!-- duration: 0ms -->
    <step title="DeploymentManager.Deploy(id:15a1898216ff47db85e9357f1904aa4f)" date="2025-10-22T20:16:37.641" >
      <step title="Collecting changeset information" date="2025-10-22T20:16:37.641" /><!-- duration: 47ms -->
      <step title="Updating submodules" date="2025-10-22T20:16:37.688" >
        <step title="Updating submodules." date="2025-10-22T20:16:37.735" /><!-- duration: 0ms -->
      </step><!-- duration: 47ms -->
      <step title="Preparing deployment for commit id &apos;15a1898216&apos;." date="2025-10-22T20:16:37.782" /><!-- duration: 0ms -->
      <step title="Determining deployment builder" date="2025-10-22T20:16:37.813" >
        <step title="Builder is BasicBuilder" date="2025-10-22T20:16:37.828" /><!-- duration: 0ms -->
      </step><!-- duration: 16ms -->
      <step title="Copying SSH keys" date="2025-10-22T20:16:37.844" /><!-- duration: 16ms -->
      <step title="Building" date="2025-10-22T20:16:37.860" >
        <step title="Generating deployment script." date="2025-10-22T20:16:37.907" /><!-- duration: 0ms -->
        <step title="Generating deployment script" date="2025-10-22T20:16:37.922" >
          <step title="Using cached version of the deployment script for command: -y --no-dot-deployment -r &quot;C:\local\Temp\zipdeploy\extracted&quot; -o &quot;C:\home\site\deployments\tools&quot; --basic --sitePath &quot;C:\local\Temp\zipdeploy\extracted&quot;" date="2025-10-22T20:16:37.969" /><!-- duration: 0ms -->
          <step title="Using cached version of deployment script (command: &apos;azure -y --no-dot-deployment -r &quot;C:\local\Temp\zipdeploy\extracted&quot; -o &quot;C:\home\site\deployments\tools&quot; --basic --sitePath &quot;C:\local\Temp\zipdeploy\extracted&quot;&apos;)." date="2025-10-22T20:16:37.985" /><!-- duration: 0ms -->
        </step><!-- duration: 62ms -->
        <step title="Running deployment command..." date="2025-10-22T20:16:38.032" /><!-- duration: 16ms -->
        <step title="Command: &quot;C:\home\site\deployments\tools\deploy.cmd&quot;" date="2025-10-22T20:16:38.063" /><!-- duration: 0ms -->
        <step title="Executing external process" date="2025-10-22T20:16:38.079" type="process" path="starter.cmd" arguments="&quot;C:\home\site\deployments\tools\deploy.cmd&quot;" >
          <step title="Handling Basic Web Site deployment." date="2025-10-22T20:16:38.250" /><!-- duration: 0ms -->
          <step title="Creating app_offline.htm" date="2025-10-22T20:16:38.547" /><!-- duration: 0ms -->
          <step title="KuduSync.NET from: &apos;C:\local\Temp\zipdeploy\extracted&apos; to: &apos;C:\home\site\wwwroot&apos;" date="2025-10-22T20:16:38.563" /><!-- duration: 0ms -->
          <step title="Copying file: &apos;appsettings.json&apos;" date="2025-10-22T20:16:38.578" /><!-- duration: 0ms -->
          <step title="Copying file: &apos;PoFunQuiz.Client.dll&apos;" date="2025-10-22T20:16:38.578" /><!-- duration: 16ms -->
          <step title="Copying file: &apos;PoFunQuiz.Core.dll&apos;" date="2025-10-22T20:16:38.594" /><!-- duration: 0ms -->
          <step title="Copying file: &apos;PoFunQuiz.Infrastructure.dll&apos;" date="2025-10-22T20:16:38.610" /><!-- duration: 0ms -->
          <step title="Copying file: &apos;PoFunQuiz.Infrastructure.pdb&apos;" date="2025-10-22T20:16:38.625" /><!-- duration: 0ms -->
          <step title="Copying file: &apos;PoFunQuiz.Server&apos;" date="2025-10-22T20:16:38.625" /><!-- duration: 16ms -->
          <step title="Copying file: &apos;PoFunQuiz.Server.deps.json&apos;" date="2025-10-22T20:16:38.641" /><!-- duration: 16ms -->
          <step title="Copying file: &apos;PoFunQuiz.Server.dll&apos;" date="2025-10-22T20:16:38.672" /><!-- duration: 0ms -->
          <step title="Copying file: &apos;PoFunQuiz.Server.pdb&apos;" date="2025-10-22T20:16:38.672" /><!-- duration: 16ms -->
          <step title="Copying file: &apos;PoFunQuiz.Server.runtimeconfig.json&apos;" date="2025-10-22T20:16:38.688" /><!-- duration: 0ms -->
          <step title="Copying file: &apos;PoFunQuiz.Server.staticwebassets.endpoints.json&apos;" date="2025-10-22T20:16:38.703" /><!-- duration: 0ms -->
          <step title="Copying file: &apos;wwwroot\app.css&apos;" date="2025-10-22T20:16:38.719" /><!-- duration: 0ms -->
          <step title="Copying file: &apos;wwwroot\app.css.br&apos;" date="2025-10-22T20:16:38.735" /><!-- duration: 0ms -->
          <step title="Copying file: &apos;wwwroot\app.css.gz&apos;" date="2025-10-22T20:16:38.750" /><!-- duration: 0ms -->
          <step title="Copying file: &apos;wwwroot\favicon.png&apos;" date="2025-10-22T20:16:38.750" /><!-- duration: 16ms -->
          <step title="Copying file: &apos;wwwroot\icon-192.png&apos;" date="2025-10-22T20:16:38.766" /><!-- duration: 16ms -->
          <step title="Copying file: &apos;wwwroot\index.html&apos;" date="2025-10-22T20:16:38.782" /><!-- duration: 0ms -->
          <step title="Copying file: &apos;wwwroot\index.html.br&apos;" date="2025-10-22T20:16:38.797" /><!-- duration: 0ms -->
          <step title="Copying file: &apos;wwwroot\index.html.gz&apos;" date="2025-10-22T20:16:38.813" /><!-- duration: 0ms -->
          <step title="Copying file: &apos;wwwroot\manifest.webmanifest&apos;" date="2025-10-22T20:16:38.813" /><!-- duration: 16ms -->
          <step title="Copying file: &apos;wwwroot\manifest.webmanifest.br&apos;" date="2025-10-22T20:16:38.828" /><!-- duration: 0ms -->
          <step title="Copying file: &apos;wwwroot\manifest.webmanifest.gz&apos;" date="2025-10-22T20:16:38.844" /><!-- duration: 0ms -->
          <step title="Copying file: &apos;wwwroot\offline.html&apos;" date="2025-10-22T20:16:38.860" /><!-- duration: 0ms -->
          <step title="Copying file: &apos;wwwroot\offline.html.br&apos;" date="2025-10-22T20:16:38.860" /><!-- duration: 16ms -->
          <step title="Copying file: &apos;wwwroot\offline.html.gz&apos;" date="2025-10-22T20:16:38.875" /><!-- duration: 16ms -->
          <step title="Copying file: &apos;wwwroot\PoFunQuiz.Client.styles.css&apos;" date="2025-10-22T20:16:38.891" /><!-- duration: 0ms -->
          <step title="Copying file: &apos;wwwroot\PoFunQuiz.Client.styles.css.br&apos;" date="2025-10-22T20:16:38.907" /><!-- duration: 0ms -->
          <step title="Copying file: &apos;wwwroot\PoFunQuiz.Client.styles.css.gz&apos;" date="2025-10-22T20:16:38.922" /><!-- duration: 0ms -->
          <step title="Copying file: &apos;wwwroot\service-worker.js&apos;" date="2025-10-22T20:16:38.922" /><!-- duration: 16ms -->
          <step title="Copying file: &apos;wwwroot\service-worker.js.br&apos;" date="2025-10-22T20:16:38.938" /><!-- duration: 0ms -->
          <step title="Copying file: &apos;wwwroot\service-worker.js.gz&apos;" date="2025-10-22T20:16:38.953" /><!-- duration: 0ms -->
          <step title="Copying file: &apos;wwwroot\css\app.css&apos;" date="2025-10-22T20:16:38.969" /><!-- duration: 0ms -->
          <step title="Copying file: &apos;wwwroot\css\app.css.br&apos;" date="2025-10-22T20:16:38.969" /><!-- duration: 16ms -->
          <step title="Copying file: &apos;wwwroot\css\app.css.gz&apos;" date="2025-10-22T20:16:38.985" /><!-- duration: 0ms -->
          <step title="Copying file: &apos;wwwroot\css\gameboard-mobile.css&apos;" date="2025-10-22T20:16:39.000" /><!-- duration: 16ms -->
          <step title="Copying file: &apos;wwwroot\css\gameboard-mobile.css.br&apos;" date="2025-10-22T20:16:39.016" /><!-- duration: 0ms -->
          <step title="Copying file: &apos;wwwroot\css\gameboard-mobile.css.gz&apos;" date="2025-10-22T20:16:39.032" /><!-- duration: 0ms -->
          <step title="Copying file: &apos;wwwroot\images\icon-192.png&apos;" date="2025-10-22T20:16:39.047" /><!-- duration: 0ms -->
          <step title="Copying file: &apos;wwwroot\images\icon-512.png&apos;" date="2025-10-22T20:16:39.047" /><!-- duration: 0ms -->
          <step title="Copying file: &apos;wwwroot\images\icon-maskable-192.png&apos;" date="2025-10-22T20:16:39.064" /><!-- duration: 0ms -->
          <step title="Copying file: &apos;wwwroot\images\icon-maskable-512.png&apos;" date="2025-10-22T20:16:39.078" /><!-- duration: 0ms -->
          <step title="Copying file: &apos;wwwroot\images\placeholder-icons.html&apos;" date="2025-10-22T20:16:39.078" /><!-- duration: 16ms -->
          <step title="Copying file: &apos;wwwroot\images\placeholder-icons.html.br&apos;" date="2025-10-22T20:16:39.094" /><!-- duration: 0ms -->
          <step title="Copying file: &apos;wwwroot\images\placeholder-icons.html.gz&apos;" date="2025-10-22T20:16:39.110" /><!-- duration: 0ms -->
          <step title="Copying file: &apos;wwwroot\images\README.md&apos;" date="2025-10-22T20:16:39.125" /><!-- duration: 0ms -->
          <step title="Copying file: &apos;wwwroot\images\README.md.br&apos;" date="2025-10-22T20:16:39.141" /><!-- duration: 0ms -->
          <step title="Copying file: &apos;wwwroot\images\README.md.gz&apos;" date="2025-10-22T20:16:39.141" /><!-- duration: 0ms -->
          <step title="Copying file: &apos;wwwroot\js\app.js&apos;" date="2025-10-22T20:16:39.157" /><!-- duration: 0ms -->
          <step title="Omitting next output lines..." date="2025-10-22T20:16:39.172" /><!-- duration: 0ms -->
          <step title="Finished successfully." date="2025-10-22T20:16:40.907" /><!-- duration: 0ms -->
        </step><!-- duration: 2828ms -->
        <step title="Running post deployment command(s)..." date="2025-10-22T20:16:40.953" /><!-- duration: 0ms -->
        <step title="Triggering recycle (preview mode disabled)." date="2025-10-22T20:16:41.000" /><!-- duration: 0ms -->
        <step title="Ignoring FS watcher based recycle request as this is a classic Windows app." date="2025-10-22T20:16:41.000" /><!-- duration: 16ms -->
        <step title="Deployment successful. DEPLOYMENTINFO: deploymentPath = ZipDeploy. Extract zip. , deployer = ZipDeploy, os = windows, sku = Free, siteName = PoFunQuiz, siteHostName = pofunquiz.azurewebsites.net, deploymentStatus = Success" date="2025-10-22T20:16:41.063" /><!-- duration: 0ms -->
      </step><!-- duration: 3297ms -->
    </step><!-- duration: 3531ms -->
    <step title="Cleaning up temp files" date="2025-10-22T20:16:41.172" /><!-- duration: 0ms -->
    <step title="Skip function trigger and logicapp sync because function is not enabled." date="2025-10-22T20:16:41.188" /><!-- duration: 0ms -->
  </step><!-- duration: 4704ms -->
  <step title="LockFile &apos;C:\home\site\locks\deployments.lock&apos; released" date="2025-10-22T20:16:41.220" /><!-- duration: 0ms -->
  <step title="Deleting shutdown sentinel file" date="2025-10-22T20:16:41.220" SemaphoreCount="8" /><!-- duration: 16ms -->
</step><!-- duration: 4829ms -->
