<step title="Incoming Request" date="2025-10-22T19:46:46.176" instance="c01540" url="/api/zipdeploy?isAsync=true" method="POST" type="request" pid="556,2,7" Cache-Control="no-cache" Connection="Keep-Alive" Content-Length="24132860" Content-Type="application/octet-stream" Accept="*/*" Accept-Encoding="gzip, deflate" Authorization="Bea..." Host="pofunquiz.scm.azurewebsites.net" User-Agent="AZURECLI/2.77.0 (DEB)" x-ms-client-request-id="d31defa8-af7f-11f0-a35e-6045bd4b6bc6" X-ARR-LOG-ID="d31defa8-af7f-11f0-a35e-6045bd4b6bc6" CLIENT-IP="135.232.224.84:48176" X-SITE-DEPLOYMENT-ID="PoFunQuiz" WAS-DEFAULT-HOSTNAME="pofunquiz.scm.azurewebsites.net" X-Forwarded-Proto="https" X-AppService-Proto="https" X-Forwarded-TlsVersion="1.3" X-WAWS-Unencoded-URL="/api/zipdeploy?isAsync=true" X-MS-COLDSTART="1" >
  <step title="ZipPushDeploy" date="2025-10-22T19:46:46.770" >
    <step title="ZipDeploy. Extract zip. " date="2025-10-22T19:46:46.801" /><!-- duration: 0ms -->
    <step title="Starting PushDeployAsync" date="2025-10-22T19:46:46.801" /><!-- duration: 16ms -->
    <step title="Updating shutdown sentinel last write time" date="2025-10-22T19:46:46.864" SemaphoreCount="7" /><!-- duration: 0ms -->
    <step title="LockFile &apos;C:\home\site\locks\deployments.lock&apos; acquired" date="2025-10-22T19:46:46.879" /><!-- duration: 0ms -->
    <step title="Saving request content to C:\local\Temp\zipdeploy\ufn014i2.zip" date="2025-10-22T19:46:46.895" >
      <step title="Total 24,132,860 bytes written to C:\local\Temp\zipdeploy\ufn014i2.zip" date="2025-10-22T19:46:47.270" /><!-- duration: 0ms -->
    </step><!-- duration: 375ms -->
    <step title="LockFile &apos;C:\home\site\locks\deployments.lock&apos; released" date="2025-10-22T19:46:47.286" /><!-- duration: 0ms -->
    <step title="Deleting shutdown sentinel file" date="2025-10-22T19:46:47.286" SemaphoreCount="8" /><!-- duration: 16ms -->
    <step title="Starting FetchDeploy" date="2025-10-22T19:46:47.301" /><!-- duration: 0ms -->
    <step title="Start deployment in the background" date="2025-10-22T19:46:47.317" /><!-- duration: 94ms -->
  </step><!-- duration: 641ms -->
  <step title="Outgoing response" date="2025-10-22T19:46:47.457" type="response" statusCode="202" statusText="Accepted" Server="Microsoft-IIS/10.0" x-ms-request-id="d31defa8-af7f-11f0-a35e-6045bd4b6bc6" Retry-After="30" Cache-Control="private" X-AspNet-Version="4.0.30319" Location="https://pofunquiz.scm.azurewebsites.net/api/deployments/latest?deployer=ZipDeploy&amp;time=2025-10-22_19-46-47Z" /><!-- duration: 0ms -->
</step><!-- duration: 1297ms -->
