<step title="BackgroundTrace" date="2025-10-22T22:34:52.807" instance="c01540" url="/api/zipdeploy" method="POST" >
  <step title="Updating shutdown sentinel last write time" date="2025-10-22T22:34:52.807" SemaphoreCount="7" /><!-- duration: 16ms -->
  <step title="LockFile &apos;C:\home\site\locks\deployments.lock&apos; acquired" date="2025-10-22T22:34:52.823" /><!-- duration: 0ms -->
  <step title="Creating temporary deployment" date="2025-10-22T22:34:52.823" /><!-- duration: 63ms -->
  <step title="Performing fetch based deployment" date="2025-10-22T22:34:52.901" >
    <step title="Fetching changes." date="2025-10-22T22:34:52.948" /><!-- duration: 31ms -->
    <step title="Starting LocalZipHandler" date="2025-10-22T22:34:52.979" /><!-- duration: 0ms -->
    <step title="Cleaning up temp folders from previous zip deployments and extracting pushed zip file C:\local\Temp\zipdeploy\sdgg4jrx.zip (23.01 MB) to C:\local\Temp\zipdeploy\extracted" date="2025-10-22T22:34:53.010" /><!-- duration: 16ms -->
    <step title="Cleaning up temp folders from previous zip deployments and extracting pushed zip file C:\local\Temp\zipdeploy\sdgg4jrx.zip (23.01 MB) to C:\local\Temp\zipdeploy\extracted" date="2025-10-22T22:34:53.026" >
      <step title="Extracting 453 entries to C:\local\Temp\zipdeploy\extracted directory" date="2025-10-22T22:34:53.041" >
        <step title="Extracting to C:\local\Temp\zipdeploy\extracted\Microsoft.Extensions.Configuration.FileExtensions.dll ..." date="2025-10-22T22:34:53.057" /><!-- duration: 16ms -->
        <step title="Extracting to C:\local\Temp\zipdeploy\extracted\Microsoft.Extensions.Primitives.dll ..." date="2025-10-22T22:34:53.073" /><!-- duration: 16ms -->
        <step title="Extracting to C:\local\Temp\zipdeploy\extracted\PoFunQuiz.Server.pdb ..." date="2025-10-22T22:34:53.088" /><!-- duration: 16ms -->
        <step title="Extracting to C:\local\Temp\zipdeploy\extracted\Microsoft.AI.ServerTelemetryChannel.dll ..." date="2025-10-22T22:34:53.104" /><!-- duration: 0ms -->
        <step title="Extracting to C:\local\Temp\zipdeploy\extracted\Microsoft.Extensions.DependencyInjection.dll ..." date="2025-10-22T22:34:53.119" /><!-- duration: 0ms -->
        <step title="Omitting extracting file traces ..." date="2025-10-22T22:34:53.119" /><!-- duration: 0ms -->
      </step><!-- duration: 969ms -->
    </step><!-- duration: 1000ms -->
    <step title="Before sending BuildRequestReceived status to /api/updatedeploystatus" date="2025-10-22T22:34:54.026" /><!-- duration: 0ms -->
    <step title="DeploymentManager.Deploy(id:327b1c35794346098a0d02a6f27ccaa8)" date="2025-10-22T22:34:54.041" >
      <step title="Collecting changeset information" date="2025-10-22T22:34:54.057" /><!-- duration: 31ms -->
      <step title="Updating submodules" date="2025-10-22T22:34:54.088" >
        <step title="Updating submodules." date="2025-10-22T22:34:54.119" /><!-- duration: 0ms -->
      </step><!-- duration: 47ms -->
      <step title="Preparing deployment for commit id &apos;327b1c3579&apos;." date="2025-10-22T22:34:54.166" /><!-- duration: 0ms -->
      <step title="Determining deployment builder" date="2025-10-22T22:34:54.198" >
        <step title="Builder is BasicBuilder" date="2025-10-22T22:34:54.213" /><!-- duration: 0ms -->
      </step><!-- duration: 15ms -->
      <step title="Copying SSH keys" date="2025-10-22T22:34:54.229" /><!-- duration: 16ms -->
      <step title="Building" date="2025-10-22T22:34:54.244" >
        <step title="Generating deployment script." date="2025-10-22T22:34:54.291" /><!-- duration: 0ms -->
        <step title="Generating deployment script" date="2025-10-22T22:34:54.291" >
          <step title="Using cached version of the deployment script for command: -y --no-dot-deployment -r &quot;C:\local\Temp\zipdeploy\extracted&quot; -o &quot;C:\home\site\deployments\tools&quot; --basic --sitePath &quot;C:\local\Temp\zipdeploy\extracted&quot;" date="2025-10-22T22:34:54.338" /><!-- duration: 0ms -->
          <step title="Using cached version of deployment script (command: &apos;azure -y --no-dot-deployment -r &quot;C:\local\Temp\zipdeploy\extracted&quot; -o &quot;C:\home\site\deployments\tools&quot; --basic --sitePath &quot;C:\local\Temp\zipdeploy\extracted&quot;&apos;)." date="2025-10-22T22:34:54.354" /><!-- duration: 0ms -->
        </step><!-- duration: 63ms -->
        <step title="Running deployment command..." date="2025-10-22T22:34:54.401" /><!-- duration: 0ms -->
        <step title="Command: &quot;C:\home\site\deployments\tools\deploy.cmd&quot;" date="2025-10-22T22:34:54.432" /><!-- duration: 0ms -->
        <step title="Executing external process" date="2025-10-22T22:34:54.448" type="process" path="starter.cmd" arguments="&quot;C:\home\site\deployments\tools\deploy.cmd&quot;" >
          <step title="Handling Basic Web Site deployment." date="2025-10-22T22:34:54.604" /><!-- duration: 16ms -->
          <step title="Creating app_offline.htm" date="2025-10-22T22:34:54.933" /><!-- duration: 16ms -->
          <step title="KuduSync.NET from: &apos;C:\local\Temp\zipdeploy\extracted&apos; to: &apos;C:\home\site\wwwroot&apos;" date="2025-10-22T22:34:54.964" /><!-- duration: 0ms -->
          <step title="Copying file: &apos;appsettings.json&apos;" date="2025-10-22T22:34:54.964" /><!-- duration: 0ms -->
          <step title="Copying file: &apos;PoFunQuiz.Client.dll&apos;" date="2025-10-22T22:34:54.979" /><!-- duration: 0ms -->
          <step title="Copying file: &apos;PoFunQuiz.Core.dll&apos;" date="2025-10-22T22:34:54.979" /><!-- duration: 0ms -->
          <step title="Copying file: &apos;PoFunQuiz.Infrastructure.dll&apos;" date="2025-10-22T22:34:54.995" /><!-- duration: 0ms -->
          <step title="Copying file: &apos;PoFunQuiz.Infrastructure.pdb&apos;" date="2025-10-22T22:34:54.995" /><!-- duration: 16ms -->
          <step title="Copying file: &apos;PoFunQuiz.Server&apos;" date="2025-10-22T22:34:55.011" /><!-- duration: 0ms -->
          <step title="Copying file: &apos;PoFunQuiz.Server.deps.json&apos;" date="2025-10-22T22:34:55.026" /><!-- duration: 0ms -->
          <step title="Copying file: &apos;PoFunQuiz.Server.dll&apos;" date="2025-10-22T22:34:55.026" /><!-- duration: 0ms -->
          <step title="Copying file: &apos;PoFunQuiz.Server.pdb&apos;" date="2025-10-22T22:34:55.042" /><!-- duration: 0ms -->
          <step title="Copying file: &apos;PoFunQuiz.Server.runtimeconfig.json&apos;" date="2025-10-22T22:34:55.042" /><!-- duration: 20ms -->
          <step title="Copying file: &apos;PoFunQuiz.Server.staticwebassets.endpoints.json&apos;" date="2025-10-22T22:34:55.073" /><!-- duration: 0ms -->
          <step title="Copying file: &apos;wwwroot\app.css&apos;" date="2025-10-22T22:34:55.073" /><!-- duration: 16ms -->
          <step title="Copying file: &apos;wwwroot\app.css.br&apos;" date="2025-10-22T22:34:55.089" /><!-- duration: 0ms -->
          <step title="Copying file: &apos;wwwroot\app.css.gz&apos;" date="2025-10-22T22:34:55.104" /><!-- duration: 0ms -->
          <step title="Copying file: &apos;wwwroot\favicon.png&apos;" date="2025-10-22T22:34:55.104" /><!-- duration: 0ms -->
          <step title="Copying file: &apos;wwwroot\icon-192.png&apos;" date="2025-10-22T22:34:55.120" /><!-- duration: 0ms -->
          <step title="Copying file: &apos;wwwroot\index.html&apos;" date="2025-10-22T22:34:55.136" /><!-- duration: 0ms -->
          <step title="Copying file: &apos;wwwroot\index.html.br&apos;" date="2025-10-22T22:34:55.136" /><!-- duration: 0ms -->
          <step title="Copying file: &apos;wwwroot\index.html.gz&apos;" date="2025-10-22T22:34:55.151" /><!-- duration: 0ms -->
          <step title="Copying file: &apos;wwwroot\manifest.webmanifest&apos;" date="2025-10-22T22:34:55.167" /><!-- duration: 0ms -->
          <step title="Copying file: &apos;wwwroot\manifest.webmanifest.br&apos;" date="2025-10-22T22:34:55.183" /><!-- duration: 0ms -->
          <step title="Copying file: &apos;wwwroot\manifest.webmanifest.gz&apos;" date="2025-10-22T22:34:55.183" /><!-- duration: 0ms -->
          <step title="Copying file: &apos;wwwroot\offline.html&apos;" date="2025-10-22T22:34:55.198" /><!-- duration: 0ms -->
          <step title="Copying file: &apos;wwwroot\offline.html.br&apos;" date="2025-10-22T22:34:55.214" /><!-- duration: 0ms -->
          <step title="Copying file: &apos;wwwroot\offline.html.gz&apos;" date="2025-10-22T22:34:55.214" /><!-- duration: 0ms -->
          <step title="Copying file: &apos;wwwroot\PoFunQuiz.Client.styles.css&apos;" date="2025-10-22T22:34:55.229" /><!-- duration: 0ms -->
          <step title="Copying file: &apos;wwwroot\PoFunQuiz.Client.styles.css.br&apos;" date="2025-10-22T22:34:55.229" /><!-- duration: 16ms -->
          <step title="Copying file: &apos;wwwroot\PoFunQuiz.Client.styles.css.gz&apos;" date="2025-10-22T22:34:55.245" /><!-- duration: 0ms -->
          <step title="Copying file: &apos;wwwroot\service-worker.js&apos;" date="2025-10-22T22:34:55.261" /><!-- duration: 0ms -->
          <step title="Copying file: &apos;wwwroot\service-worker.js.br&apos;" date="2025-10-22T22:34:55.261" /><!-- duration: 0ms -->
          <step title="Copying file: &apos;wwwroot\service-worker.js.gz&apos;" date="2025-10-22T22:34:55.276" /><!-- duration: 0ms -->
          <step title="Copying file: &apos;wwwroot\css\app.css&apos;" date="2025-10-22T22:34:55.292" /><!-- duration: 0ms -->
          <step title="Copying file: &apos;wwwroot\css\app.css.br&apos;" date="2025-10-22T22:34:55.308" /><!-- duration: 0ms -->
          <step title="Copying file: &apos;wwwroot\css\app.css.gz&apos;" date="2025-10-22T22:34:55.308" /><!-- duration: 16ms -->
          <step title="Copying file: &apos;wwwroot\css\gameboard-mobile.css&apos;" date="2025-10-22T22:34:55.323" /><!-- duration: 0ms -->
          <step title="Copying file: &apos;wwwroot\css\gameboard-mobile.css.br&apos;" date="2025-10-22T22:34:55.339" /><!-- duration: 0ms -->
          <step title="Copying file: &apos;wwwroot\css\gameboard-mobile.css.gz&apos;" date="2025-10-22T22:34:55.339" /><!-- duration: 16ms -->
          <step title="Copying file: &apos;wwwroot\images\icon-192.png&apos;" date="2025-10-22T22:34:55.354" /><!-- duration: 0ms -->
          <step title="Copying file: &apos;wwwroot\images\icon-512.png&apos;" date="2025-10-22T22:34:55.354" /><!-- duration: 16ms -->
          <step title="Copying file: &apos;wwwroot\images\icon-maskable-192.png&apos;" date="2025-10-22T22:34:55.370" /><!-- duration: 0ms -->
          <step title="Copying file: &apos;wwwroot\images\icon-maskable-512.png&apos;" date="2025-10-22T22:34:55.386" /><!-- duration: 0ms -->
          <step title="Copying file: &apos;wwwroot\images\placeholder-icons.html&apos;" date="2025-10-22T22:34:55.401" /><!-- duration: 0ms -->
          <step title="Copying file: &apos;wwwroot\images\placeholder-icons.html.br&apos;" date="2025-10-22T22:34:55.401" /><!-- duration: 16ms -->
          <step title="Copying file: &apos;wwwroot\images\placeholder-icons.html.gz&apos;" date="2025-10-22T22:34:55.417" /><!-- duration: 0ms -->
          <step title="Copying file: &apos;wwwroot\images\README.md&apos;" date="2025-10-22T22:34:55.432" /><!-- duration: 0ms -->
          <step title="Copying file: &apos;wwwroot\images\README.md.br&apos;" date="2025-10-22T22:34:55.432" /><!-- duration: 0ms -->
          <step title="Copying file: &apos;wwwroot\images\README.md.gz&apos;" date="2025-10-22T22:34:55.448" /><!-- duration: 0ms -->
          <step title="Copying file: &apos;wwwroot\js\app.js&apos;" date="2025-10-22T22:34:55.448" /><!-- duration: 16ms -->
          <step title="Omitting next output lines..." date="2025-10-22T22:34:55.464" /><!-- duration: 0ms -->
          <step title="Finished successfully." date="2025-10-22T22:34:56.979" /><!-- duration: 16ms -->
        </step><!-- duration: 2547ms -->
        <step title="Running post deployment command(s)..." date="2025-10-22T22:34:57.042" /><!-- duration: 0ms -->
        <step title="Triggering recycle (preview mode disabled)." date="2025-10-22T22:34:57.089" /><!-- duration: 0ms -->
        <step title="Ignoring FS watcher based recycle request as this is a classic Windows app." date="2025-10-22T22:34:57.089" /><!-- duration: 0ms -->
        <step title="Deployment successful. DEPLOYMENTINFO: deploymentPath = ZipDeploy. Extract zip. , deployer = ZipDeploy, os = windows, sku = Free, siteName = PoFunQuiz, siteHostName = pofunquiz.azurewebsites.net, deploymentStatus = Success" date="2025-10-22T22:34:57.136" /><!-- duration: 0ms -->
      </step><!-- duration: 2985ms -->
    </step><!-- duration: 3204ms -->
    <step title="Cleaning up temp files" date="2025-10-22T22:34:57.245" /><!-- duration: 0ms -->
    <step title="Skip function trigger and logicapp sync because function is not enabled." date="2025-10-22T22:34:57.261" /><!-- duration: 0ms -->
  </step><!-- duration: 4376ms -->
  <step title="LockFile &apos;C:\home\site\locks\deployments.lock&apos; released" date="2025-10-22T22:34:57.276" /><!-- duration: 16ms -->
  <step title="Deleting shutdown sentinel file" date="2025-10-22T22:34:57.292" SemaphoreCount="8" /><!-- duration: 0ms -->
</step><!-- duration: 4501ms -->
