<step title="BackgroundTrace" date="2025-11-21T11:06:25.602" instance="22a7da" url="/api/zipdeploy" method="POST" >
  <step title="Updating shutdown sentinel last write time" date="2025-11-21T11:06:25.633" SemaphoreCount="7" /><!-- duration: 0ms -->
  <step title="LockFile &apos;C:\home\site\locks\deployments.lock&apos; acquired" date="2025-11-21T11:06:25.633" /><!-- duration: 0ms -->
  <step title="Creating temporary deployment" date="2025-11-21T11:06:25.648" /><!-- duration: 47ms -->
  <step title="Performing fetch based deployment" date="2025-11-21T11:06:25.711" >
    <step title="Fetching changes." date="2025-11-21T11:06:25.758" /><!-- duration: 31ms -->
    <step title="Starting LocalZipHandler" date="2025-11-21T11:06:25.789" /><!-- duration: 0ms -->
    <step title="Cleaning up temp folders from previous zip deployments and extracting pushed zip file C:\local\Temp\zipdeploy\erxx2kum.zip (45.91 MB) to C:\local\Temp\zipdeploy\extracted" date="2025-11-21T11:06:25.836" /><!-- duration: 0ms -->
    <step title="Cleaning up temp folders from previous zip deployments and extracting pushed zip file C:\local\Temp\zipdeploy\erxx2kum.zip (45.91 MB) to C:\local\Temp\zipdeploy\extracted" date="2025-11-21T11:06:25.836" >
      <step title="Extracting 986 entries to C:\local\Temp\zipdeploy\extracted directory" date="2025-11-21T11:06:25.867" >
        <step title="Extracting to C:\local\Temp\zipdeploy\extracted\BlazorDebugProxy\BrowserDebugHost.dll ..." date="2025-11-21T11:06:25.867" /><!-- duration: 16ms -->
        <step title="Extracting to C:\local\Temp\zipdeploy\extracted\BlazorDebugProxy\BrowserDebugHost.runtimeconfig.json ..." date="2025-11-21T11:06:25.898" /><!-- duration: 0ms -->
        <step title="Extracting to C:\local\Temp\zipdeploy\extracted\BlazorDebugProxy\BrowserDebugProxy.dll ..." date="2025-11-21T11:06:25.898" /><!-- duration: 16ms -->
        <step title="Extracting to C:\local\Temp\zipdeploy\extracted\BlazorDebugProxy\Microsoft.CodeAnalysis.CSharp.dll ..." date="2025-11-21T11:06:25.930" /><!-- duration: 94ms -->
        <step title="Extracting to C:\local\Temp\zipdeploy\extracted\BlazorDebugProxy\Microsoft.CodeAnalysis.CSharp.Scripting.dll ..." date="2025-11-21T11:06:26.023" /><!-- duration: 0ms -->
        <step title="Omitting extracting file traces ..." date="2025-11-21T11:06:26.039" /><!-- duration: 47ms -->
      </step><!-- duration: 1812ms -->
    </step><!-- duration: 1844ms -->
    <step title="Before sending BuildRequestReceived status to /api/updatedeploystatus" date="2025-11-21T11:06:27.695" /><!-- duration: 0ms -->
    <step title="DeploymentManager.Deploy(id:5bc59db18a5c41e1adc59a5dcb8492f2)" date="2025-11-21T11:06:27.695" >
      <step title="Collecting changeset information" date="2025-11-21T11:06:27.711" /><!-- duration: 47ms -->
      <step title="Updating submodules" date="2025-11-21T11:06:27.758" >
        <step title="Updating submodules." date="2025-11-21T11:06:27.789" /><!-- duration: 16ms -->
      </step><!-- duration: 47ms -->
      <step title="Preparing deployment for commit id &apos;5bc59db18a&apos;." date="2025-11-21T11:06:27.851" /><!-- duration: 0ms -->
      <step title="Determining deployment builder" date="2025-11-21T11:06:27.898" >
        <step title="Builder is BasicBuilder" date="2025-11-21T11:06:27.898" /><!-- duration: 16ms -->
      </step><!-- duration: 16ms -->
      <step title="Copying SSH keys" date="2025-11-21T11:06:27.930" /><!-- duration: 17ms -->
      <step title="Building" date="2025-11-21T11:06:27.946" >
        <step title="Generating deployment script." date="2025-11-21T11:06:27.993" /><!-- duration: 0ms -->
        <step title="Generating deployment script" date="2025-11-21T11:06:28.008" >
          <step title="Using cached version of the deployment script for command: -y --no-dot-deployment -r &quot;C:\local\Temp\zipdeploy\extracted&quot; -o &quot;C:\home\site\deployments\tools&quot; --basic --sitePath &quot;C:\local\Temp\zipdeploy\extracted&quot;" date="2025-11-21T11:06:28.055" /><!-- duration: 0ms -->
          <step title="Using cached version of deployment script (command: &apos;azure -y --no-dot-deployment -r &quot;C:\local\Temp\zipdeploy\extracted&quot; -o &quot;C:\home\site\deployments\tools&quot; --basic --sitePath &quot;C:\local\Temp\zipdeploy\extracted&quot;&apos;)." date="2025-11-21T11:06:28.071" /><!-- duration: 16ms -->
        </step><!-- duration: 78ms -->
        <step title="Running deployment command..." date="2025-11-21T11:06:28.134" /><!-- duration: 0ms -->
        <step title="Command: &quot;C:\home\site\deployments\tools\deploy.cmd&quot;" date="2025-11-21T11:06:28.149" /><!-- duration: 16ms -->
        <step title="Executing external process" date="2025-11-21T11:06:28.180" type="process" path="starter.cmd" arguments="&quot;C:\home\site\deployments\tools\deploy.cmd&quot;" >
          <step title="Handling Basic Web Site deployment." date="2025-11-21T11:06:28.337" /><!-- duration: 16ms -->
          <step title="Creating app_offline.htm" date="2025-11-21T11:06:28.837" /><!-- duration: 16ms -->
          <step title="KuduSync.NET from: &apos;C:\local\Temp\zipdeploy\extracted&apos; to: &apos;C:\home\site\wwwroot&apos;" date="2025-11-21T11:06:28.852" /><!-- duration: 0ms -->
          <step title="Copying file: &apos;appsettings.json&apos;" date="2025-11-21T11:06:28.868" /><!-- duration: 0ms -->
          <step title="Copying file: &apos;Azure.AI.OpenAI.dll&apos;" date="2025-11-21T11:06:28.884" /><!-- duration: 0ms -->
          <step title="Copying file: &apos;Azure.Core.dll&apos;" date="2025-11-21T11:06:28.884" /><!-- duration: 16ms -->
          <step title="Copying file: &apos;Azure.Data.Tables.dll&apos;" date="2025-11-21T11:06:28.899" /><!-- duration: 0ms -->
          <step title="Copying file: &apos;Azure.Extensions.AspNetCore.Configuration.Secrets.dll&apos;" date="2025-11-21T11:06:28.915" /><!-- duration: 0ms -->
          <step title="Copying file: &apos;Azure.Identity.dll&apos;" date="2025-11-21T11:06:28.930" /><!-- duration: 0ms -->
          <step title="Copying file: &apos;Azure.Security.KeyVault.Secrets.dll&apos;" date="2025-11-21T11:06:28.930" /><!-- duration: 16ms -->
          <step title="Copying file: &apos;FluentValidation.dll&apos;" date="2025-11-21T11:06:28.946" /><!-- duration: 16ms -->
          <step title="Copying file: &apos;Microsoft.AI.DependencyCollector.dll&apos;" date="2025-11-21T11:06:28.962" /><!-- duration: 16ms -->
          <step title="Copying file: &apos;Microsoft.AI.EventCounterCollector.dll&apos;" date="2025-11-21T11:06:28.977" /><!-- duration: 0ms -->
          <step title="Copying file: &apos;Microsoft.AI.PerfCounterCollector.dll&apos;" date="2025-11-21T11:06:28.993" /><!-- duration: 0ms -->
          <step title="Copying file: &apos;Microsoft.AI.ServerTelemetryChannel.dll&apos;" date="2025-11-21T11:06:29.009" /><!-- duration: 0ms -->
          <step title="Copying file: &apos;Microsoft.AI.WindowsServer.dll&apos;" date="2025-11-21T11:06:29.009" /><!-- duration: 16ms -->
          <step title="Copying file: &apos;Microsoft.ApplicationInsights.AspNetCore.dll&apos;" date="2025-11-21T11:06:29.024" /><!-- duration: 0ms -->
          <step title="Copying file: &apos;Microsoft.ApplicationInsights.dll&apos;" date="2025-11-21T11:06:29.040" /><!-- duration: 0ms -->
          <step title="Copying file: &apos;Microsoft.AspNetCore.Authorization.dll&apos;" date="2025-11-21T11:06:29.040" /><!-- duration: 0ms -->
          <step title="Copying file: &apos;Microsoft.AspNetCore.Components.dll&apos;" date="2025-11-21T11:06:29.055" /><!-- duration: 0ms -->
          <step title="Copying file: &apos;Microsoft.AspNetCore.Components.Forms.dll&apos;" date="2025-11-21T11:06:29.072" /><!-- duration: 0ms -->
          <step title="Copying file: &apos;Microsoft.AspNetCore.Components.Web.dll&apos;" date="2025-11-21T11:06:29.072" /><!-- duration: 14ms -->
          <step title="Copying file: &apos;Microsoft.AspNetCore.Components.WebAssembly.dll&apos;" date="2025-11-21T11:06:29.087" /><!-- duration: 0ms -->
          <step title="Copying file: &apos;Microsoft.AspNetCore.Components.WebAssembly.Server.dll&apos;" date="2025-11-21T11:06:29.134" /><!-- duration: 0ms -->
          <step title="Copying file: &apos;Microsoft.AspNetCore.Http.Connections.Client.dll&apos;" date="2025-11-21T11:06:29.134" /><!-- duration: 0ms -->
          <step title="Copying file: &apos;Microsoft.AspNetCore.Metadata.dll&apos;" date="2025-11-21T11:06:29.149" /><!-- duration: 0ms -->
          <step title="Copying file: &apos;Microsoft.AspNetCore.OpenApi.dll&apos;" date="2025-11-21T11:06:29.165" /><!-- duration: 0ms -->
          <step title="Copying file: &apos;Microsoft.AspNetCore.SignalR.Client.Core.dll&apos;" date="2025-11-21T11:06:29.165" /><!-- duration: 0ms -->
          <step title="Copying file: &apos;Microsoft.AspNetCore.SignalR.Client.dll&apos;" date="2025-11-21T11:06:29.180" /><!-- duration: 0ms -->
          <step title="Copying file: &apos;Microsoft.Azure.SignalR.Common.dll&apos;" date="2025-11-21T11:06:29.196" /><!-- duration: 0ms -->
          <step title="Copying file: &apos;Microsoft.Azure.SignalR.dll&apos;" date="2025-11-21T11:06:29.196" /><!-- duration: 16ms -->
          <step title="Copying file: &apos;Microsoft.Azure.SignalR.Protocols.dll&apos;" date="2025-11-21T11:06:29.212" /><!-- duration: 0ms -->
          <step title="Copying file: &apos;Microsoft.Bcl.AsyncInterfaces.dll&apos;" date="2025-11-21T11:06:29.227" /><!-- duration: 0ms -->
          <step title="Copying file: &apos;Microsoft.Extensions.Configuration.Abstractions.dll&apos;" date="2025-11-21T11:06:29.243" /><!-- duration: 0ms -->
          <step title="Copying file: &apos;Microsoft.Extensions.DependencyInjection.Abstractions.dll&apos;" date="2025-11-21T11:06:29.243" /><!-- duration: 16ms -->
          <step title="Copying file: &apos;Microsoft.Extensions.DependencyInjection.dll&apos;" date="2025-11-21T11:06:29.274" /><!-- duration: 0ms -->
          <step title="Copying file: &apos;Microsoft.Extensions.DependencyModel.dll&apos;" date="2025-11-21T11:06:29.274" /><!-- duration: 16ms -->
          <step title="Copying file: &apos;Microsoft.Extensions.Logging.Abstractions.dll&apos;" date="2025-11-21T11:06:29.290" /><!-- duration: 16ms -->
          <step title="Copying file: &apos;Microsoft.Extensions.Logging.ApplicationInsights.dll&apos;" date="2025-11-21T11:06:29.305" /><!-- duration: 0ms -->
          <step title="Copying file: &apos;Microsoft.Extensions.Options.dll&apos;" date="2025-11-21T11:06:29.321" /><!-- duration: 0ms -->
          <step title="Copying file: &apos;Microsoft.Extensions.Primitives.dll&apos;" date="2025-11-21T11:06:29.337" /><!-- duration: 0ms -->
          <step title="Copying file: &apos;Microsoft.Identity.Client.dll&apos;" date="2025-11-21T11:06:29.337" /><!-- duration: 16ms -->
          <step title="Copying file: &apos;Microsoft.Identity.Client.Extensions.Msal.dll&apos;" date="2025-11-21T11:06:29.352" /><!-- duration: 16ms -->
          <step title="Copying file: &apos;Microsoft.IdentityModel.Abstractions.dll&apos;" date="2025-11-21T11:06:29.368" /><!-- duration: 16ms -->
          <step title="Copying file: &apos;Microsoft.JSInterop.dll&apos;" date="2025-11-21T11:06:29.384" /><!-- duration: 0ms -->
          <step title="Copying file: &apos;Microsoft.JSInterop.WebAssembly.dll&apos;" date="2025-11-21T11:06:29.399" /><!-- duration: 0ms -->
          <step title="Copying file: &apos;Microsoft.OpenApi.dll&apos;" date="2025-11-21T11:06:29.415" /><!-- duration: 0ms -->
          <step title="Copying file: &apos;Microsoft.Win32.SystemEvents.dll&apos;" date="2025-11-21T11:06:29.430" /><!-- duration: 0ms -->
          <step title="Copying file: &apos;Newtonsoft.Json.dll&apos;" date="2025-11-21T11:06:29.430" /><!-- duration: 16ms -->
          <step title="Copying file: &apos;OpenAI.dll&apos;" date="2025-11-21T11:06:29.477" /><!-- duration: 16ms -->
          <step title="Copying file: &apos;PoFunQuiz.Api&apos;" date="2025-11-21T11:06:29.509" /><!-- duration: 0ms -->
          <step title="Omitting next output lines..." date="2025-11-21T11:06:29.509" /><!-- duration: 16ms -->
          <step title="Finished successfully." date="2025-11-21T11:06:37.247" /><!-- duration: 0ms -->
        </step><!-- duration: 9066ms -->
        <step title="Running post deployment command(s)..." date="2025-11-21T11:06:37.294" /><!-- duration: 0ms -->
        <step title="Triggering recycle (preview mode disabled)." date="2025-11-21T11:06:37.340" /><!-- duration: 16ms -->
        <step title="Ignoring FS watcher based recycle request as this is a classic Windows app." date="2025-11-21T11:06:37.356" /><!-- duration: 0ms -->
        <step title="Deployment successful. DEPLOYMENTINFO: deploymentPath = ZipDeploy. Extract zip. , deployer = ZipDeploy, os = windows, sku = Free, siteName = PoFunQuiz, siteHostName = pofunquiz.azurewebsites.net, deploymentStatus = Success" date="2025-11-21T11:06:37.403" /><!-- duration: 0ms -->
        <step title="Purge deployment items" date="2025-11-21T11:06:37.512" >
          <step title="Remove 327b1c357, Success, received at 10/22/2025 10:34:54 PM" date="2025-11-21T11:06:37.575" /><!-- duration: 0ms -->
        </step><!-- duration: 62ms -->
      </step><!-- duration: 9660ms -->
    </step><!-- duration: 9926ms -->
    <step title="Cleaning up temp files" date="2025-11-21T11:06:37.622" /><!-- duration: 16ms -->
    <step title="Skip function trigger and logicapp sync because function is not enabled." date="2025-11-21T11:06:37.653" /><!-- duration: 0ms -->
  </step><!-- duration: 11973ms -->
  <step title="LockFile &apos;C:\home\site\locks\deployments.lock&apos; released" date="2025-11-21T11:06:37.684" /><!-- duration: 0ms -->
  <step title="Deleting shutdown sentinel file" date="2025-11-21T11:06:37.700" SemaphoreCount="8" /><!-- duration: 0ms -->
</step><!-- duration: 12098ms -->
