<step title="Incoming Request" date="2025-10-22T22:35:50.723" instance="c01540" url="/api/zipdeploy?isAsync=true" method="POST" type="request" pid="8476,2,24" Cache-Control="no-cache" Content-Length="24132977" Content-Type="application/octet-stream" Accept="*/*" Accept-Encoding="gzip, deflate" Authorization="Bea..." Host="pofunquiz.scm.azurewebsites.net" User-Agent="AZURECLI/2.77.0 (DEB)" x-ms-client-request-id="73180cac-af97-11f0-a35e-000d3a343c36" X-ARR-LOG-ID="73180cac-af97-11f0-a35e-000d3a343c36" CLIENT-IP="68.220.58.5:51224" X-SITE-DEPLOYMENT-ID="PoFunQuiz" WAS-DEFAULT-HOSTNAME="pofunquiz.scm.azurewebsites.net" X-Forwarded-Proto="https" X-AppService-Proto="https" X-Forwarded-TlsVersion="1.3" X-WAWS-Unencoded-URL="/api/zipdeploy?isAsync=true" >
  <step title="Cleanup Xml Logs" date="2025-10-22T22:35:50.723" /><!-- duration: 16ms -->
  <step title="ZipPushDeploy" date="2025-10-22T22:35:50.786" >
    <step title="ZipDeploy. Extract zip. " date="2025-10-22T22:35:50.786" /><!-- duration: 0ms -->
    <step title="Starting PushDeployAsync" date="2025-10-22T22:35:50.802" /><!-- duration: 0ms -->
    <step title="Updating shutdown sentinel last write time" date="2025-10-22T22:35:50.802" SemaphoreCount="7" /><!-- duration: 16ms -->
    <step title="LockFile &apos;C:\home\site\locks\deployments.lock&apos; acquired" date="2025-10-22T22:35:50.833" /><!-- duration: 0ms -->
    <step title="Saving request content to C:\local\Temp\zipdeploy\vwf4m121.zip" date="2025-10-22T22:35:50.848" >
      <step title="Total 24,132,977 bytes written to C:\local\Temp\zipdeploy\vwf4m121.zip" date="2025-10-22T22:35:51.255" /><!-- duration: 16ms -->
    </step><!-- duration: 422ms -->
    <step title="LockFile &apos;C:\home\site\locks\deployments.lock&apos; released" date="2025-10-22T22:35:51.270" /><!-- duration: 16ms -->
    <step title="Deleting shutdown sentinel file" date="2025-10-22T22:35:51.286" SemaphoreCount="8" /><!-- duration: 16ms -->
    <step title="Starting FetchDeploy" date="2025-10-22T22:35:51.302" /><!-- duration: 0ms -->
    <step title="Start deployment in the background" date="2025-10-22T22:35:51.302" /><!-- duration: 62ms -->
  </step><!-- duration: 578ms -->
  <step title="Outgoing response" date="2025-10-22T22:35:51.380" type="response" statusCode="202" statusText="Accepted" Server="Microsoft-IIS/10.0" x-ms-request-id="73180cac-af97-11f0-a35e-000d3a343c36" Retry-After="30" Cache-Control="private" X-AspNet-Version="4.0.30319" Location="https://pofunquiz.scm.azurewebsites.net/api/deployments/latest?deployer=ZipDeploy&amp;time=2025-10-22_22-35-51Z" /><!-- duration: 0ms -->
</step><!-- duration: 656ms -->
