﻿<?xml version="1.0" encoding="utf-8"?>
<deployment>
  <id>a27bdd3f2d2f41108486e995ccafd63e</id>
  <author>N/A</author>
  <deployer>ZipDeploy</deployer>
  <authorEmail>N/A</authorEmail>
  <message>Created via a push deployment</message>
  <progress></progress>
  <status>Success</status>
  <statusText></statusText>
  <lastSuccessEndTime>2025-11-21T02:45:11.7861682Z</lastSuccessEndTime>
  <receivedTime>2025-11-21T02:44:58.7317115Z</receivedTime>
  <startTime>2025-11-21T02:44:58.8567125Z</startTime>
  <endTime>2025-11-21T02:45:11.7861682Z</endTime>
  <complete>True</complete>
  <is_temp>False</is_temp>
  <is_readonly>True</is_readonly>
  <project_type>BASIC</project_type>
  <vsproject_id></vsproject_id>
</deployment>